Name,Variation,DIY,Buy,Sell,Color 1,Color 2,Size,Miles Price,Source,Source Notes,Seasonal Availability,Mannequin Piece,Version,Style,Label Themes,Villager Equippable,Filename,Internal ID,Unique Entry ID,Purchasable
antique boots,Brown,No,2640,660,Brown,Brown,1x1,,Able Sisters,Available from either Mable's temporary shop or Able Sisters shop,All Year,No,1.0.0,Simple,everyday; fairy tale,No,ShoesKneeAntique0,5523,jQ9MMJXSCde9q8NPP,1
antique boots,Black,No,2640,660,Black,Black,1x1,,Able Sisters,Available from either Mable's temporary shop or Able Sisters shop,All Year,No,1.0.0,Simple,everyday; fairy tale,No,ShoesKneeAntique1,11689,hpTunJzb4CJPueMW7,1
antique boots,Greige,No,2640,660,Beige,Beige,1x1,,Able Sisters,Available from either Mable's temporary shop or Able Sisters shop,All Year,No,1.0.0,Simple,everyday; fairy tale,No,ShoesKneeAntique2,11690,ngk8sGuhSHQoBmwqv,1
armor shoes,Gray,Yes,NFS,3000,Gray,Gray,1x1,,Crafting,,All Year,No,1.0.0,Cool,fairy tale; goth,No,ShoesKneeKnightIron,5472,osBLFxSiCDnRf8eXR,0
babouches,Blue,No,560,140,Light blue,White,1x1,,Kicks,,All Year,No,1.0.0,Cute,comfy; vacation,No,ShoesSandalBaboush0,6043,AvkHgWmEW5vTs4Ckc,1
babouches,Orange,No,560,140,Orange,White,1x1,,Kicks,,All Year,No,1.0.0,Cute,comfy; vacation,No,ShoesSandalBaboush1,10109,hzHj4PYSRpa8fkQey,1
babouches,Pink,No,560,140,Pink,White,1x1,,Kicks,,All Year,No,1.0.0,Cute,comfy; vacation,No,ShoesSandalBaboush2,10110,KrfcX2z6gFKZziGwx,1
babouches,Yellow,No,560,140,Yellow,White,1x1,,Kicks,,All Year,No,1.0.0,Cute,comfy; vacation,No,ShoesSandalBaboush3,10111,BRTZYzjci4T3qodP8,1
babouches,Gray,No,560,140,Gray,Yellow,1x1,,Kicks,,All Year,No,1.0.0,Cute,comfy; vacation,No,ShoesSandalBaboush4,10112,N9jHqLCE8WsfZxJHo,1
babouches,Purple,No,560,140,Purple,Yellow,1x1,,Kicks,,All Year,No,1.0.0,Cute,comfy; vacation,No,ShoesSandalBaboush5,10113,sth7EXmjdbwzk439A,1
babouches,Mint,No,560,140,Green,Yellow,1x1,,Kicks,,All Year,No,1.0.0,Cute,comfy; vacation,No,ShoesSandalBaboush6,10114,okW9rusWLMPm4bcDz,1
babouches,Red,No,560,140,Red,Yellow,1x1,,Kicks,,All Year,No,1.0.0,Cute,comfy; vacation,No,ShoesSandalBaboush7,10115,EZKKTpCAN4CEvJJwC,1
ballet slippers,Pink,No,2200,550,Pink,Pink,1x1,,Kicks,,All Year,No,1.0.0,Elegant,fairy tale; sporty; theatrical; work,No,ShoesLowcutBallet0,5608,uABG45ozFPCwrBXuS,1
ballet slippers,Mint,No,2200,550,Light blue,Light blue,1x1,,Kicks,,All Year,No,1.0.0,Elegant,fairy tale; sporty; theatrical; work,No,ShoesLowcutBallet1,10155,bE4c36LYqcRmkajHL,1
ballet slippers,Blue,No,2200,550,Blue,Blue,1x1,,Kicks,,All Year,No,1.0.0,Elegant,fairy tale; sporty; theatrical; work,No,ShoesLowcutBallet2,10156,jJ565rnrzozyhRNYP,1
ballet slippers,Purple,No,2200,550,Purple,Purple,1x1,,Kicks,,All Year,No,1.0.0,Elegant,fairy tale; sporty; theatrical; work,No,ShoesLowcutBallet3,10157,kuEQdTi7ZXLw5AZgR,1
ballet slippers,Black,No,2200,550,Black,Black,1x1,,Kicks,,All Year,No,1.0.0,Elegant,fairy tale; sporty; theatrical; work,No,ShoesLowcutBallet4,10158,oQNLiop5Do6CH5eTu,1
ballet slippers,White,No,2200,550,Beige,Beige,1x1,,Kicks,,All Year,No,1.0.0,Elegant,fairy tale; sporty; theatrical; work,No,ShoesLowcutBallet5,10159,cQt3ftJejYwuPrqWS,1
ballet slippers,Yellow,No,2200,550,Yellow,Yellow,1x1,,Kicks,,All Year,No,1.0.0,Elegant,fairy tale; sporty; theatrical; work,No,ShoesLowcutBallet6,10160,Qv7eADgLwdsNuSBZZ,1
ballet slippers,Red,No,2200,550,Orange,Orange,1x1,,Kicks,,All Year,No,1.0.0,Elegant,fairy tale; sporty; theatrical; work,No,ShoesLowcutBallet7,10161,CpLSLkvz3Jo982p6e,1
basketball shoes,Red,No,1500,375,Red,Black,1x1,,Able Sisters,Available from either Mable's temporary shop or Able Sisters shop,All Year,No,1.0.0,Active,sporty; work,No,ShoesHighcutBasket0,5638,7xRWZmoxAaCxRYMuJ,1
basketball shoes,Green,No,1500,375,Green,Black,1x1,,Able Sisters,Available from either Mable's temporary shop or Able Sisters shop,All Year,No,1.0.0,Active,sporty; work,No,ShoesHighcutBasket1,10060,uRRCWDgRkrABjPdyg,1
basketball shoes,Beige,No,1500,375,Beige,Black,1x1,,Able Sisters,Available from either Mable's temporary shop or Able Sisters shop,All Year,No,1.0.0,Active,sporty; work,No,ShoesHighcutBasket2,10061,9qivZWfCZucqweqBJ,1
basketball shoes,Orange,No,1500,375,Yellow,Black,1x1,,Able Sisters,Available from either Mable's temporary shop or Able Sisters shop,All Year,No,1.0.0,Active,sporty; work,No,ShoesHighcutBasket3,10062,McTum2E4XpJfhavsX,1
basketball shoes,Blue,No,1500,375,Blue,Black,1x1,,Able Sisters,Available from either Mable's temporary shop or Able Sisters shop,All Year,Yes,1.0.0,Active,sporty; work,No,ShoesHighcutBasket4,10063,rixr4TkNPxrXrRRcw,1
basketball shoes,Purple,No,1500,375,Purple,Black,1x1,,Able Sisters,Available from either Mable's temporary shop or Able Sisters shop,All Year,No,1.0.0,Active,sporty; work,No,ShoesHighcutBasket5,10064,ryZhP2vjw4vQNiPMx,1
basketball shoes,Light blue,No,1500,375,Light blue,Black,1x1,,Able Sisters,Available from either Mable's temporary shop or Able Sisters shop,All Year,No,1.0.0,Active,sporty; work,No,ShoesHighcutBasket6,10065,JhY975aRNditFYyhm,1
basketball shoes,Pink,No,1500,375,Pink,Black,1x1,,Able Sisters,Available from either Mable's temporary shop or Able Sisters shop,All Year,No,1.0.0,Active,sporty; work,No,ShoesHighcutBasket7,10066,a7uqKcknGcWHoD43C,1
beaded sandals,Orange,No,1800,450,Orange,Colorful,1x1,,Able Sisters,Available from either Mable's temporary shop or Able Sisters shop,Summer,No,1.0.0,Gorgeous,everyday; comfy; vacation,No,ShoesSandalBeads0,5478,otoeZ6wQmT38HECcy,1
beaded sandals,Purple,No,1800,450,Purple,Colorful,1x1,,Able Sisters,Available from either Mable's temporary shop or Able Sisters shop,Summer,Yes,1.0.0,Gorgeous,everyday; comfy; vacation,No,ShoesSandalBeads1,10137,kCEzmje6LKzAuHemd,1
beaded sandals,Yellow,No,1800,450,Yellow,Colorful,1x1,,Able Sisters,Available from either Mable's temporary shop or Able Sisters shop,Summer,No,1.0.0,Gorgeous,everyday; comfy; vacation,No,ShoesSandalBeads2,10138,pwpLSaDGk58SSvJYe,1
beaded sandals,Red,No,1800,450,Red,Colorful,1x1,,Able Sisters,Available from either Mable's temporary shop or Able Sisters shop,Summer,No,1.0.0,Gorgeous,everyday; comfy; vacation,No,ShoesSandalBeads3,10139,ukMZbdaNwYXQgdzEJ,1
beaded sandals,Green,No,1800,450,Green,Colorful,1x1,,Able Sisters,Available from either Mable's temporary shop or Able Sisters shop,Summer,No,1.0.0,Gorgeous,everyday; comfy; vacation,No,ShoesSandalBeads4,10140,Bjzm2LFHF6cwXKbfu,1
beaded sandals,Beige,No,1800,450,Beige,Colorful,1x1,,Able Sisters,Available from either Mable's temporary shop or Able Sisters shop,Summer,No,1.0.0,Gorgeous,everyday; comfy; vacation,No,ShoesSandalBeads5,10141,veLWy2EQQ49fq6F7p,1
boots,Green,No,560,140,Green,Black,1x1,,Able Sisters,Available from either Mable's temporary shop or Able Sisters shop,All Year,No,1.0.0,Simple,outdoorsy; work,No,ShoesKneeRubberboots0,5479,nvyQe4J4JosazJ46S,1
boots,Black,No,560,140,Black,Black,1x1,,Able Sisters,Available from either Mable's temporary shop or Able Sisters shop,All Year,No,1.0.0,Simple,outdoorsy; work,No,ShoesKneeRubberboots1,11685,ffPXk8bFosbBzhxRo,1
boots,Blue,No,560,140,Blue,Black,1x1,,Able Sisters,Available from either Mable's temporary shop or Able Sisters shop,All Year,No,1.0.0,Simple,outdoorsy; work,No,ShoesKneeRubberboots2,11686,Hvinu73hgLPsmDkcM,1
boots,Red,No,560,140,Red,Black,1x1,,Able Sisters,Available from either Mable's temporary shop or Able Sisters shop,All Year,Yes,1.0.0,Simple,outdoorsy; work,No,ShoesKneeRubberboots3,11687,MkX86RRKQ9GkwfGaL,1
boots,Olive,No,560,140,Yellow,Black,1x1,,Able Sisters,Available from either Mable's temporary shop or Able Sisters shop,All Year,Yes,1.0.0,Simple,outdoorsy; work,No,ShoesKneeRubberboots4,11688,NGSrsWRHfAtBKqPYz,1
business shoes,Black,No,1300,325,Black,Black,1x1,,Able Sisters,Available from Able Sisters shop only,All Year,Yes,1.0.0,Simple,formal; work,No,ShoesLowcutBusiness0,4730,JxbjRNkGXgodBD8P7,1
business shoes,Brown,No,1300,325,Brown,Brown,1x1,,Able Sisters,Available from Able Sisters shop only,All Year,Yes,1.0.0,Simple,formal; work,No,ShoesLowcutBusiness1,11455,sja7tXF4cPCa5hsrH,1
cleats,Blue,No,1200,300,Blue,Gray,1x1,,Kicks,,All Year,No,1.0.0,Active,sporty; work,No,ShoesLowcutSpike0,5654,ozSLcS5AH7EbyuvKf,1
cleats,Light blue,No,1200,300,Light blue,Gray,1x1,,Kicks,,All Year,No,1.0.0,Active,sporty; work,No,ShoesLowcutSpike1,10245,6kQs9rKWn47gLLs2M,1
cleats,Red,No,1200,300,Red,Gray,1x1,,Kicks,,All Year,No,1.0.0,Active,sporty; work,No,ShoesLowcutSpike2,10246,NGWNC246yBWm3snJE,1
cleats,Yellow,No,1200,300,Yellow,Gray,1x1,,Kicks,,All Year,No,1.0.0,Active,sporty; work,No,ShoesLowcutSpike3,10247,WkkwqXv9oS59HJzzT,1
cleats,Black,No,1200,300,Black,Gray,1x1,,Kicks,,All Year,No,1.0.0,Active,sporty; work,No,ShoesLowcutSpike4,10248,Pr3hHw8YguTL57DwF,1
cleats,Orange,No,1200,300,Orange,Gray,1x1,,Kicks,,All Year,No,1.0.0,Active,sporty; work,No,ShoesLowcutSpike5,10249,iiKeEbNN6S9tRZ3st,1
cleats,Green,No,1200,300,Green,Gray,1x1,,Kicks,,All Year,No,1.0.0,Active,sporty; work,No,ShoesLowcutSpike6,10250,k2KmPiG39zPaP5aKE,1
cleats,Purple,No,1200,300,Purple,Gray,1x1,,Kicks,,All Year,No,1.0.0,Active,sporty; work,No,ShoesLowcutSpike7,10251,QZLqNeTSRQishPzZX,1
comfy sandals,Brown,No,1040,260,Brown,Beige,1x1,,Able Sisters,Available from either Mable's temporary shop or Able Sisters shop,Summer,No,1.0.0,Simple,everyday; comfy; vacation,No,ShoesSandalComfort0,5619,bH8H3cpWoFegDZKg3,1
comfy sandals,White,No,1040,260,White,Beige,1x1,,Able Sisters,Available from either Mable's temporary shop or Able Sisters shop,Summer,Yes,1.0.0,Simple,everyday; comfy; vacation,No,ShoesSandalComfort1,10700,7qmEHHQRDzoZwjzqi,1
comfy sandals,Green,No,1040,260,Green,Beige,1x1,,Able Sisters,Available from either Mable's temporary shop or Able Sisters shop,Summer,No,1.0.0,Simple,everyday; comfy; vacation,No,ShoesSandalComfort2,10701,XaesMFTS6T3GBL97H,1
comfy sandals,Blue,No,1040,260,Blue,Beige,1x1,,Able Sisters,Available from either Mable's temporary shop or Able Sisters shop,Summer,No,1.0.0,Simple,everyday; comfy; vacation,No,ShoesSandalComfort3,10702,BPWe3svCXCzdrtMEr,1
comfy sandals,Red,No,1040,260,Red,Beige,1x1,,Able Sisters,Available from either Mable's temporary shop or Able Sisters shop,Summer,No,1.0.0,Simple,everyday; comfy; vacation,No,ShoesSandalComfort4,10703,MQ7rNNpQR9ExjjDeW,1
comfy sandals,Orange,No,1040,260,Orange,Beige,1x1,,Able Sisters,Available from either Mable's temporary shop or Able Sisters shop,Summer,No,1.0.0,Simple,everyday; comfy; vacation,No,ShoesSandalComfort5,10704,s4PZf4H5PuJR9XNbk,1
comfy sandals,Yellow,No,1040,260,Yellow,Beige,1x1,,Able Sisters,Available from either Mable's temporary shop or Able Sisters shop,Summer,No,1.0.0,Simple,everyday; comfy; vacation,No,ShoesSandalComfort6,10705,t4MnDYkWR9uExZncz,1
comfy sandals,Purple,No,1040,260,Purple,Beige,1x1,,Able Sisters,Available from either Mable's temporary shop or Able Sisters shop,Summer,No,1.0.0,Simple,everyday; comfy; vacation,No,ShoesSandalComfort7,10706,zwbeCzpknc63Fptcv,1
cowboy boots,Brown,No,2380,595,Brown,Brown,1x1,,Able Sisters,Available from Able Sisters shop only,All Year,Yes,1.0.0,Elegant,outdoorsy; theatrical; work,No,ShoesKneeWestern0,5643,T59MhhiGhjcnsGnFu,1
cowboy boots,Black,No,2380,595,Black,Brown,1x1,,Able Sisters,Available from Able Sisters shop only,All Year,Yes,1.0.0,Elegant,outdoorsy; theatrical; work,No,ShoesKneeWestern1,11253,qzEjaaYJH93BC2Hh9,1
cowboy boots,Ivory,No,2380,595,White,Brown,1x1,,Able Sisters,Available from Able Sisters shop only,All Year,No,1.0.0,Elegant,outdoorsy; theatrical; work,No,ShoesKneeWestern2,11254,xv62ZghErnQR8Q73m,1
cowboy boots,Pink,No,2380,595,Pink,Brown,1x1,,Able Sisters,Available from Able Sisters shop only,All Year,No,1.0.0,Elegant,outdoorsy; theatrical; work,No,ShoesKneeWestern3,11255,KgdfPqZxZYhrp4C2x,1
cowboy boots,Blue,No,2380,595,Light blue,Brown,1x1,,Able Sisters,Available from Able Sisters shop only,All Year,No,1.0.0,Elegant,outdoorsy; theatrical; work,No,ShoesKneeWestern4,11256,KDAEKS4qY5fpDgQuu,1
cross-belt sandals,Green,No,1040,260,Green,Green,1x1,,Able Sisters,Available from Able Sisters shop only,Summer,No,1.0.0,Elegant,everyday; vacation,No,ShoesSandalCrossbelt0,4725,S8PsLoFCGMqX3F6fZ,1
cross-belt sandals,Pink,No,1040,260,Pink,Pink,1x1,,Able Sisters,Available from Able Sisters shop only,Summer,No,1.0.0,Elegant,everyday; vacation,No,ShoesSandalCrossbelt1,10121,wmAKDzzYnjbLzxhJ3,1
cross-belt sandals,Gray,No,1040,260,Gray,Gray,1x1,,Able Sisters,Available from Able Sisters shop only,Summer,Yes,1.0.0,Elegant,everyday; vacation,No,ShoesSandalCrossbelt2,10122,qAwap9h6YjWohE39n,1
cross-belt sandals,Brown,No,1040,260,Brown,Brown,1x1,,Able Sisters,Available from Able Sisters shop only,Summer,No,1.0.0,Elegant,everyday; vacation,No,ShoesSandalCrossbelt3,10123,eNkiMc8xbma2Ymdzx,1
cross-belt sandals,Black,No,1040,260,Black,Black,1x1,,Able Sisters,Available from Able Sisters shop only,Summer,No,1.0.0,Elegant,everyday; vacation,No,ShoesSandalCrossbelt4,10124,H8DTJawEDSPC8jf99,1
cross-belt sandals,Purple,No,1040,260,Purple,Purple,1x1,,Able Sisters,Available from Able Sisters shop only,Summer,No,1.0.0,Elegant,everyday; vacation,No,ShoesSandalCrossbelt5,10125,PCPv5Mv6SGFnjg8ux,1
cute sneakers,Light blue,No,1260,315,Light blue,Pink,1x1,,Able Sisters,Available from either Mable's temporary shop or Able Sisters shop,All Year,Yes,1.0.0,Cute,everyday; fairy tale,No,ShoesHighcutCute0,5803,WdawbJs9jXzQsuFhx,1
cute sneakers,Green,No,1260,315,Green,Yellow,1x1,,Able Sisters,Available from either Mable's temporary shop or Able Sisters shop,All Year,Yes,1.0.0,Cute,everyday; fairy tale,No,ShoesHighcutCute1,10266,QyYoExD4R6xgzhzw3,1
cute sneakers,Pink,No,1260,315,Pink,Purple,1x1,,Able Sisters,Available from either Mable's temporary shop or Able Sisters shop,All Year,Yes,1.0.0,Cute,everyday; fairy tale,No,ShoesHighcutCute2,10267,9tQTbbf9bPTKu7qWz,1
cute sneakers,Yellow,No,1260,315,Yellow,Green,1x1,,Able Sisters,Available from either Mable's temporary shop or Able Sisters shop,All Year,No,1.0.0,Cute,everyday; fairy tale,No,ShoesHighcutCute3,10268,Egxvg95EdXYikxzfF,1
cute sneakers,Purple,No,1260,315,Purple,Green,1x1,,Able Sisters,Available from either Mable's temporary shop or Able Sisters shop,All Year,No,1.0.0,Cute,everyday; fairy tale,No,ShoesHighcutCute4,10269,w8pFobgTR68viQLPy,1
cute sneakers,Blue,No,1260,315,Blue,Pink,1x1,,Able Sisters,Available from either Mable's temporary shop or Able Sisters shop,All Year,No,1.0.0,Cute,everyday; fairy tale,No,ShoesHighcutCute5,10270,f2oLT3HRXWPPEmpTu,1
DAL slippers,Blue,No,4040,1010,Blue,Blue,1x1,,Dodo Airlines,Received in mail from DAL after taking certain numbers of flights,All Year,No,1.0.0,Simple,comfy; vacation,No,AccessoryGlassSlippers0,12130,gg8YSYsr2xNKYS9rd,0
earth-egg shoes,None,Yes,NFS,800,Red,Yellow,1x1,,Crafting,,All Year,No,1.1.0a,Active,fairy tale; party; theatrical,No,ShoesLowcutEggground0,12455,PXnPHB4ZkaMwv3Y7s,0
embroidered shoes,Red,No,2100,525,Red,Pink,1x1,,Kicks,,All Year,No,1.0.0,Elegant,everyday; formal,No,ShoesLowcutEmbroidery0,9847,GpHkK4Gy7yLYxbtcL,1
embroidered shoes,White,No,2100,525,White,Pink,1x1,,Kicks,,All Year,No,1.0.0,Elegant,everyday; formal,No,ShoesLowcutEmbroidery1,11987,rzZXksuyaHbm4SMM9,1
embroidered shoes,Black,No,2100,525,Black,Pink,1x1,,Kicks,,All Year,No,1.0.0,Elegant,everyday; formal,No,ShoesLowcutEmbroidery2,11988,2JD3QbctqaQhPpBAb,1
embroidered shoes,Blue,No,2100,525,Light blue,Pink,1x1,,Kicks,,All Year,No,1.0.0,Elegant,everyday; formal,No,ShoesLowcutEmbroidery3,11989,SuLAcSivQvdYEXHJB,1
faux-fur ankle booties,Olive,No,1450,362,Green,White,1x1,,Able Sisters,Available from either Mable's temporary shop or Able Sisters shop,Winter,No,1.0.0,Elegant,everyday; fairy tale; formal; party; theatrical,No,ShoesHighcutFurboots0,5476,5FBywrCNgwAiqhXa7,1
faux-fur ankle booties,Beige,No,1450,362,Beige,White,1x1,,Able Sisters,Available from either Mable's temporary shop or Able Sisters shop,Winter,Yes,1.0.0,Elegant,everyday; fairy tale; formal; party; theatrical,No,ShoesHighcutFurboots1,11682,KAt8hHZ3mDftYYiYt,1
faux-fur ankle booties,Ruby red,No,1450,362,Red,Beige,1x1,,Able Sisters,Available from either Mable's temporary shop or Able Sisters shop,Winter,Yes,1.0.0,Elegant,everyday; fairy tale; formal; party; theatrical,No,ShoesHighcutFurboots2,11683,jdCjhSTkbKzX85LN2,1
faux-fur ankle booties,Navy blue,No,1450,362,Blue,Gray,1x1,,Able Sisters,Available from either Mable's temporary shop or Able Sisters shop,Winter,No,1.0.0,Elegant,everyday; fairy tale; formal; party; theatrical,No,ShoesHighcutFurboots3,11684,Dzxt6pdX2LJWacn3H,1
faux-shearling boots,Beige,No,1600,400,Beige,White,1x1,,Able Sisters,Available from either Mable's temporary shop or Able Sisters shop,Winter,No,1.0.0,Cute,everyday; outdoorsy,No,ShoesHighcutMouton0,4721,z8A8CEX4Zoxos8ECz,1
faux-shearling boots,Pink,No,1600,400,Pink,White,1x1,,Able Sisters,Available from either Mable's temporary shop or Able Sisters shop,Winter,Yes,1.0.0,Cute,everyday; outdoorsy,No,ShoesHighcutMouton1,11547,pbeHtooPfjRSuwhmY,1
faux-shearling boots,Green,No,1600,400,Green,White,1x1,,Able Sisters,Available from either Mable's temporary shop or Able Sisters shop,Winter,Yes,1.0.0,Cute,everyday; outdoorsy,No,ShoesHighcutMouton2,11548,gyP9Azdy4b7iaCGoH,1
faux-shearling boots,Black,No,1600,400,Black,White,1x1,,Able Sisters,Available from either Mable's temporary shop or Able Sisters shop,Winter,No,1.0.0,Cute,everyday; outdoorsy,No,ShoesHighcutMouton3,11549,YksdBvaJ3k6ouj243,1
faux-shearling boots,Gray,No,1600,400,Gray,White,1x1,,Able Sisters,Available from either Mable's temporary shop or Able Sisters shop,Winter,Yes,1.0.0,Cute,everyday; outdoorsy,No,ShoesHighcutMouton4,11550,GG7HfiPFNJvLwh5XC,1
faux-suede sneakers,Green,No,1080,270,Green,White,1x1,,Able Sisters,Available from Able Sisters shop only,All Year,Yes,1.0.0,Simple,everyday; outdoorsy; sporty,No,ShoesLowcutSuede0,6893,8ci7eigwwimo5zHrm,1
faux-suede sneakers,Navy blue,No,1080,270,Blue,White,1x1,,Able Sisters,Available from Able Sisters shop only,All Year,Yes,1.0.0,Simple,everyday; outdoorsy; sporty,No,ShoesLowcutSuede1,10074,gCcxqWq9CrrDemMzu,1
faux-suede sneakers,Beige,No,1080,270,Beige,White,1x1,,Able Sisters,Available from Able Sisters shop only,All Year,Yes,1.0.0,Simple,everyday; outdoorsy; sporty,No,ShoesLowcutSuede2,10075,h7v8F5izpTkwhCo9X,1
faux-suede sneakers,Orange,No,1080,270,Orange,White,1x1,,Able Sisters,Available from Able Sisters shop only,All Year,No,1.0.0,Simple,everyday; outdoorsy; sporty,No,ShoesLowcutSuede3,10076,442jYo3kkgtjrfNJw,1
faux-suede sneakers,Pink,No,1080,270,Pink,White,1x1,,Able Sisters,Available from Able Sisters shop only,All Year,No,1.0.0,Simple,everyday; outdoorsy; sporty,No,ShoesLowcutSuede4,10077,oqSaR83bRDZiLnibc,1
faux-suede sneakers,Light blue,No,1080,270,Light blue,White,1x1,,Able Sisters,Available from Able Sisters shop only,All Year,No,1.0.0,Simple,everyday; outdoorsy; sporty,No,ShoesLowcutSuede5,10078,2h5vwhQBfHf6Qmbzc,1
faux-suede sneakers,Purple,No,1080,270,Purple,White,1x1,,Able Sisters,Available from Able Sisters shop only,All Year,No,1.0.0,Simple,everyday; outdoorsy; sporty,No,ShoesLowcutSuede6,10079,3gXbkXjifTka79wk5,1
faux-suede sneakers,Berry red,No,1080,270,Red,White,1x1,,Able Sisters,Available from Able Sisters shop only,All Year,Yes,1.0.0,Simple,everyday; outdoorsy; sporty,No,ShoesLowcutSuede7,10080,PcsAkqLHgZo2yhwSH,1
flip-flops,Blue,No,350,87,Blue,Light blue,1x1,,Able Sisters,Available from either Mable's temporary shop or Able Sisters shop,Summer,No,1.0.0,Active,outdoorsy; comfy; sporty; vacation,No,ShoesSandalBeachborder0,5470,b2pTnAJLeY3nCC85w,1
flip-flops,Green,No,350,87,Green,Orange,1x1,,Able Sisters,Available from either Mable's temporary shop or Able Sisters shop,Summer,No,1.0.0,Active,outdoorsy; comfy; sporty; vacation,No,ShoesSandalBeachborder1,6922,wjnPzGx8aWE7G6gce,1
flip-flops,Yellow,No,350,87,Yellow,Green,1x1,,Able Sisters,Available from either Mable's temporary shop or Able Sisters shop,Summer,No,1.0.0,Active,outdoorsy; comfy; sporty; vacation,No,ShoesSandalBeachborder2,10169,SKNg35jGs9MaLTD77,1
flip-flops,White,No,350,87,White,Pink,1x1,,Able Sisters,Available from either Mable's temporary shop or Able Sisters shop,Summer,No,1.0.0,Active,outdoorsy; comfy; sporty; vacation,No,ShoesSandalBeachborder3,10735,43ihwwTdqsQFFdDra,1
flip-flops,Orange,No,350,87,Orange,Blue,1x1,,Able Sisters,Available from either Mable's temporary shop or Able Sisters shop,Summer,No,1.0.0,Active,outdoorsy; comfy; sporty; vacation,No,ShoesSandalBeachborder4,10736,A4KkCM8MYzSzgiLxm,1
flip-flops,Light blue,No,350,87,Light blue,Orange,1x1,,Able Sisters,Available from either Mable's temporary shop or Able Sisters shop,Summer,No,1.0.0,Active,outdoorsy; comfy; sporty; vacation,No,ShoesSandalBeachborder5,10737,YyhMNsS7x3fugPLzk,1
flip-flops,Pink,No,350,87,Pink,Gray,1x1,,Able Sisters,Available from either Mable's temporary shop or Able Sisters shop,Summer,Yes,1.0.0,Active,outdoorsy; comfy; sporty; vacation,No,ShoesSandalBeachborder6,10738,KzSKyqg45TYFdmmq5,1
flip-flops,Red,No,350,87,Red,Yellow,1x1,,Able Sisters,Available from either Mable's temporary shop or Able Sisters shop,Summer,No,1.0.0,Active,outdoorsy; comfy; sporty; vacation,No,ShoesSandalBeachborder7,10739,e49sttYMp9iQhn5JA,1
flower sandals,Yellow,No,1200,300,Yellow,White,1x1,,Able Sisters,Available from Able Sisters shop only,Summer,No,1.0.0,Cute,fairy tale; outdoorsy; vacation,No,ShoesSandalFlower0,5475,iKjt4fpKTzWFNoWqv,1
flower sandals,Pink,No,1200,300,Red,Pink,1x1,,Able Sisters,Available from Able Sisters shop only,Summer,No,1.0.0,Cute,fairy tale; outdoorsy; vacation,No,ShoesSandalFlower1,10126,CuM8H6yjAxM9hvKbB,1
flower sandals,Green,No,1200,300,Green,Green,1x1,,Able Sisters,Available from Able Sisters shop only,Summer,No,1.0.0,Cute,fairy tale; outdoorsy; vacation,No,ShoesSandalFlower2,10127,MvQdXTd5fpze9DrcN,1
flower sandals,Purple,No,1200,300,Purple,Purple,1x1,,Able Sisters,Available from Able Sisters shop only,Summer,No,1.0.0,Cute,fairy tale; outdoorsy; vacation,No,ShoesSandalFlower3,10128,vMQexjCj2Egq6S9Tm,1
flower sandals,Blue,No,1200,300,Blue,Light blue,1x1,,Able Sisters,Available from Able Sisters shop only,Summer,No,1.0.0,Cute,fairy tale; outdoorsy; vacation,No,ShoesSandalFlower4,10129,iBZH8z7aReKctqLyG,1
flower sandals,Black,No,1200,300,Black,Gray,1x1,,Able Sisters,Available from Able Sisters shop only,Summer,No,1.0.0,Cute,fairy tale; outdoorsy; vacation,No,ShoesSandalFlower5,10130,sZKDexuZQqMHvKNha,1
flower sandals,White,No,1200,300,White,Gray,1x1,,Able Sisters,Available from Able Sisters shop only,Summer,Yes,1.0.0,Cute,fairy tale; outdoorsy; vacation,No,ShoesSandalFlower6,10131,zEAdQCRGCGkGXo3zH,1
ghillie brogues,Brown,No,2340,585,Brown,Brown,1x1,,Kicks,,All Year,No,1.0.0,Gorgeous,formal; work,No,ShoesLowcutBrogues0,6042,85Ro38Bbgo5G7rSLw,1
ghillie brogues,Black,No,2340,585,Black,Black,1x1,,Kicks,,All Year,No,1.0.0,Gorgeous,formal; work,No,ShoesLowcutBrogues1,11477,eFrTYfFkrBdwoSecE,1
ghillie brogues,White,No,2340,585,White,White,1x1,,Kicks,,All Year,No,1.0.0,Gorgeous,formal; work,No,ShoesLowcutBrogues2,11478,2mGMrrGvMowcBDYh7,1
gladiator sandals,Brown,No,1800,450,Brown,Brown,1x1,,Able Sisters,Available from either Mable's temporary shop or Able Sisters shop,Summer,Yes,1.0.0,Elegant,everyday; fairy tale; comfy; vacation,No,ShoesSandalGladiator0,5620,b4X3xaeXEp9ChQQr5,1
gladiator sandals,Black,No,1800,450,Black,Black,1x1,,Able Sisters,Available from either Mable's temporary shop or Able Sisters shop,Summer,No,1.0.0,Elegant,everyday; fairy tale; comfy; vacation,No,ShoesSandalGladiator1,11251,sKQvzqzGvs2ykcSbz,1
gladiator sandals,Red,No,1800,450,Red,Red,1x1,,Able Sisters,Available from either Mable's temporary shop or Able Sisters shop,Summer,No,1.0.0,Elegant,everyday; fairy tale; comfy; vacation,No,ShoesSandalGladiator2,11252,S5PcJMFPpTfkdsrBv,1
gold-armor shoes,Gold,Yes,NFS,40000,Yellow,Yellow,1x1,,Crafting,,All Year,No,1.0.0,Gorgeous,fairy tale; goth,No,ShoesKneeKnightGold,5524,HE5wbwjxnuqXWwuTq,0
hi-tech sneakers,Orange,No,1260,315,Orange,Yellow,1x1,,Able Sisters,Available from Able Sisters shop only,All Year,No,1.0.0,Cool,outdoorsy; sporty,No,ShoesHighcutHightech0,5659,vjJoBSPAnnmMtGJui,1
hi-tech sneakers,Pink,No,1260,315,Pink,Green,1x1,,Able Sisters,Available from Able Sisters shop only,All Year,Yes,1.0.0,Cool,outdoorsy; sporty,No,ShoesHighcutHightech1,10252,PtSjcthWToYvF8son,1
hi-tech sneakers,Green,No,1260,315,Green,Light blue,1x1,,Able Sisters,Available from Able Sisters shop only,All Year,No,1.0.0,Cool,outdoorsy; sporty,No,ShoesHighcutHightech2,10253,ZuFY68yoJCdmrLuWr,1
hi-tech sneakers,Light blue,No,1260,315,Light blue,Purple,1x1,,Able Sisters,Available from Able Sisters shop only,All Year,Yes,1.0.0,Cool,outdoorsy; sporty,No,ShoesHighcutHightech3,10254,xasZPBabpo9zFAYMR,1
hi-tech sneakers,Blue,No,1260,315,Blue,Red,1x1,,Able Sisters,Available from Able Sisters shop only,All Year,Yes,1.0.0,Cool,outdoorsy; sporty,No,ShoesHighcutHightech4,10255,QdudohpJ9dc3hANJF,1
high-tops,Gray,No,1080,270,Gray,Black,1x1,,Able Sisters,Available from Able Sisters shop only,All Year,No,1.0.0,Simple,everyday; outdoorsy; sporty,No,ShoesHighcutSneaker0,2572,A6PJmQQbeWQc4ks8Q,1
high-tops,Brown,No,1080,270,Brown,Black,1x1,,Able Sisters,Available from Able Sisters shop only,All Year,No,1.0.0,Simple,everyday; outdoorsy; sporty,No,ShoesHighcutSneaker1,10039,6bXv8wbDiCDaRHXLb,1
high-tops,Green,No,1080,270,Green,Black,1x1,,Able Sisters,Available from Able Sisters shop only,All Year,No,1.0.0,Simple,everyday; outdoorsy; sporty,No,ShoesHighcutSneaker2,10040,HsMaJWumxL4uY8voa,1
high-tops,Blue,No,1080,270,Blue,Black,1x1,,Able Sisters,Available from Able Sisters shop only,All Year,No,1.0.0,Simple,everyday; outdoorsy; sporty,No,ShoesHighcutSneaker3,10041,R26LoWHFtNPCiaQnT,1
high-tops,Purple,No,1080,270,Purple,Black,1x1,,Able Sisters,Available from Able Sisters shop only,All Year,Yes,1.0.0,Simple,everyday; outdoorsy; sporty,No,ShoesHighcutSneaker4,10042,ddCRfjPN2Xq2KENQF,1
high-tops,Red,No,1080,270,Red,Black,1x1,,Able Sisters,Available from Able Sisters shop only,All Year,Yes,1.0.0,Simple,everyday; outdoorsy; sporty,No,ShoesHighcutSneaker5,10043,vQJchxGQbFYwCtRtG,1
high-tops,Yellow,No,1080,270,Yellow,Black,1x1,,Able Sisters,Available from Able Sisters shop only,All Year,No,1.0.0,Simple,everyday; outdoorsy; sporty,No,ShoesHighcutSneaker6,10044,oJLevZfue26fB7qbq,1
high-tops,White,No,1080,270,White,Black,1x1,,Able Sisters,Available from Able Sisters shop only,All Year,Yes,1.0.0,Simple,everyday; outdoorsy; sporty,No,ShoesHighcutSneaker7,10045,49789htHCpZsBFEYb,1
house slippers,Gray,No,490,122,Gray,White,1x1,,Able Sisters,Available from either Mable's temporary shop or Able Sisters shop,All Year,No,1.0.0,Simple,comfy; vacation,No,ShoesSandalRoomborder0,5564,tZ2mLMoSBry5tTdA6,1
house slippers,Navy blue,No,490,122,Blue,White,1x1,,Able Sisters,Available from either Mable's temporary shop or Able Sisters shop,All Year,No,1.0.0,Simple,comfy; vacation,No,ShoesSandalRoomborder1,10091,TMeDiovzy92KvCgNT,1
house slippers,Pink,No,490,122,Pink,White,1x1,,Able Sisters,Available from either Mable's temporary shop or Able Sisters shop,All Year,Yes,1.0.0,Simple,comfy; vacation,No,ShoesSandalRoomborder2,10092,BdzMBFw9xgcZPh2cQ,1
house slippers,Yellow,No,490,122,Yellow,White,1x1,,Able Sisters,Available from either Mable's temporary shop or Able Sisters shop,All Year,No,1.0.0,Simple,comfy; vacation,No,ShoesSandalRoomborder3,10093,TBB5qAmPTjZHgLRgo,1
house slippers,Green,No,490,122,Green,White,1x1,,Able Sisters,Available from either Mable's temporary shop or Able Sisters shop,All Year,No,1.0.0,Simple,comfy; vacation,No,ShoesSandalRoomborder4,10094,6tfgHMCwmTrRZwiQQ,1
house slippers,Blue,No,490,122,Light blue,White,1x1,,Able Sisters,Available from either Mable's temporary shop or Able Sisters shop,All Year,No,1.0.0,Simple,comfy; vacation,No,ShoesSandalRoomborder5,10095,3ACsSJTCB2bWPwZqm,1
house slippers,Red,No,490,122,Red,White,1x1,,Able Sisters,Available from either Mable's temporary shop or Able Sisters shop,All Year,No,1.0.0,Simple,comfy; vacation,No,ShoesSandalRoomborder6,10096,Hr7KzEdakoD9LEXNL,1
house slippers,Beige,No,490,122,Beige,White,1x1,,Able Sisters,Available from either Mable's temporary shop or Able Sisters shop,All Year,No,1.0.0,Simple,comfy; vacation,No,ShoesSandalRoomborder7,10097,B7W2EXnB3QmMEgjbM,1
jester's shoes,Purple,No,1900,475,Purple,Red,1x1,,Kicks,,All Year,No,1.0.0,Active,fairy tale; goth; party; theatrical; work,No,ShoesKneeClown0,5639,kFDPkeYy4wcHmPdbQ,1
jester's shoes,Black,No,1900,475,Black,Red,1x1,,Kicks,,All Year,No,1.0.0,Active,fairy tale; goth; party; theatrical; work,No,ShoesKneeClown1,11558,niQbfxs5g6937bDmP,1
jester's shoes,Red,No,1900,475,Red,Blue,1x1,,Kicks,,All Year,No,1.0.0,Active,fairy tale; goth; party; theatrical; work,No,ShoesKneeClown2,11559,uBt8KnMps2wigFd7x,1
jester's shoes,Green,No,1900,475,Green,Yellow,1x1,,Kicks,,All Year,No,1.0.0,Active,fairy tale; goth; party; theatrical; work,No,ShoesKneeClown3,11560,4i7swMp5oRyQE9rTH,1
kiddie sneakers,Red,No,700,175,Red,Yellow,1x1,,Kicks,,All Year,No,1.0.0,Active,everyday; outdoorsy; sporty,No,ShoesHighcutSports0,5761,DiPuWBTmBh88DRn5r,1
kiddie sneakers,Blue,No,700,175,Blue,Red,1x1,,Kicks,,All Year,No,1.0.0,Active,everyday; outdoorsy; sporty,No,ShoesHighcutSports1,10261,kAr6gcCKT8HoCuSRE,1
kiddie sneakers,Green,No,700,175,Green,Blue,1x1,,Kicks,,All Year,No,1.0.0,Active,everyday; outdoorsy; sporty,No,ShoesHighcutSports2,10262,JsrscqqMSNsh3igS7,1
kiddie sneakers,Purple,No,700,175,Purple,Orange,1x1,,Kicks,,All Year,No,1.0.0,Active,everyday; outdoorsy; sporty,No,ShoesHighcutSports3,10263,YtsQtuSuRpNJ9K8nJ,1
kiddie sneakers,Silver,No,700,175,Gray,Blue,1x1,,Kicks,,All Year,No,1.0.0,Active,everyday; outdoorsy; sporty,No,ShoesHighcutSports4,10264,oxQ6Zq7k9LLPhxMyj,1
kiddie sneakers,Black,No,700,175,Black,Red,1x1,,Kicks,,All Year,No,1.0.0,Active,everyday; outdoorsy; sporty,No,ShoesHighcutSports5,10265,xvrKLHrw4cuouBZ4P,1
kimono sandals,Black,No,1600,400,Black,Beige,1x1,,Kicks,,All Year,No,1.0.0,Simple,everyday; comfy; theatrical,No,ShoesSandalGeta0,3704,GLnAezFtAC88MkqHv,1
kimono sandals,Red,No,1600,400,Red,Beige,1x1,,Kicks,,All Year,No,1.0.0,Simple,everyday; comfy; theatrical,No,ShoesSandalGeta1,10962,9BqtfBqkG7e2XvC5E,1
kimono sandals,Pink,No,1600,400,Pink,Beige,1x1,,Kicks,,All Year,No,1.0.0,Simple,everyday; comfy; theatrical,No,ShoesSandalGeta2,10963,euyfneg4wKNBxaRAb,1
kimono sandals,Dark blue,No,1600,400,Blue,Beige,1x1,,Kicks,,All Year,No,1.0.0,Simple,everyday; comfy; theatrical,No,ShoesSandalGeta3,10964,GsGxnse3sG9cSK5Qp,1
kimono sandals,Gray,No,1600,400,Gray,Beige,1x1,,Kicks,,All Year,No,1.0.0,Simple,everyday; comfy; theatrical,No,ShoesSandalGeta4,10965,EgT778SJG3yj69j9X,1
kimono sandals,Purple,No,1600,400,Purple,Beige,1x1,,Kicks,,All Year,No,1.0.0,Simple,everyday; comfy; theatrical,No,ShoesSandalGeta5,10966,jxJh2qEEPq43eW8rE,1
kimono sandals,Yellow,No,1600,400,Yellow,Beige,1x1,,Kicks,,All Year,No,1.0.0,Simple,everyday; comfy; theatrical,No,ShoesSandalGeta6,10967,SvCuc7AwtmzkHtGBu,1
kimono sandals,Green,No,1600,400,Green,Beige,1x1,,Kicks,,All Year,No,1.0.0,Simple,everyday; comfy; theatrical,No,ShoesSandalGeta7,10968,rzpWkSsb7z9Er4TRC,1
kung-fu shoes,Black,No,1260,315,Black,White,1x1,,Kicks,,All Year,No,1.0.0,Active,everyday; sporty,No,ShoesLowcutKungfu0,9846,uNAzFWaTbC7Qsp2cD,1
Labelle pumps,Twilight,No,3500,875,Purple,Gray,1x1,,Labelle,,All Year,No,1.0.0,Elegant,everyday; formal; party; theatrical; work,No,ShoesLowcutKateheel0,9884,sEJGhBBxTL7qWJE4M,1
Labelle pumps,Midnight,No,3500,875,Black,Gray,1x1,,Labelle,,All Year,No,1.0.0,Elegant,everyday; formal; party; theatrical; work,No,ShoesLowcutKateheel1,11766,WHsTLAXaLK3xxLsGE,1
Labelle pumps,Passion,No,3500,875,Red,Gray,1x1,,Labelle,,All Year,No,1.0.0,Elegant,everyday; formal; party; theatrical; work,No,ShoesLowcutKateheel2,11767,a3C3YgvQsLy9jrCNu,1
Labelle pumps,Ocean,No,3500,875,Blue,Gray,1x1,,Labelle,,All Year,No,1.0.0,Elegant,everyday; formal; party; theatrical; work,No,ShoesLowcutKateheel3,11768,mSbTfdnHdwzyjQ3E8,1
Labelle pumps,Sunset,No,3500,875,Yellow,Gray,1x1,,Labelle,,All Year,No,1.0.0,Elegant,everyday; formal; party; theatrical; work,No,ShoesLowcutKateheel4,11769,tyTvXLX3dX8qtecHz,1
Labelle pumps,Love,No,3500,875,Pink,Gray,1x1,,Labelle,,All Year,No,1.0.0,Elegant,everyday; formal; party; theatrical; work,No,ShoesLowcutKateheel5,11770,dtKmyfWf7S2nyer8g,1
Labelle sneakers,Twilight,No,3300,825,Purple,Black,1x1,,Labelle,,All Year,No,1.0.0,Cool,everyday; sporty; theatrical,No,ShoesHighcutKatesneaker0,9885,YRtQpMnJxg9nNHL5A,1
Labelle sneakers,Midnight,No,3300,825,Black,White,1x1,,Labelle,,All Year,No,1.0.0,Cool,everyday; sporty; theatrical,No,ShoesHighcutKatesneaker1,11771,5hkTnYdABuHSECmDm,1
Labelle sneakers,Passion,No,3300,825,Red,Black,1x1,,Labelle,,All Year,No,1.0.0,Cool,everyday; sporty; theatrical,No,ShoesHighcutKatesneaker2,11772,Ed6wWhidegCLG2DAM,1
Labelle sneakers,Ocean,No,3300,825,Blue,Black,1x1,,Labelle,,All Year,No,1.0.0,Cool,everyday; sporty; theatrical,No,ShoesHighcutKatesneaker3,11773,unwHxhSKXYSngG4Qj,1
Labelle sneakers,Sunset,No,3300,825,Yellow,Black,1x1,,Labelle,,All Year,No,1.0.0,Cool,everyday; sporty; theatrical,No,ShoesHighcutKatesneaker4,11774,GvsavAFMFoXuPMDbR,1
Labelle sneakers,Love,No,3300,825,Pink,Black,1x1,,Labelle,,All Year,No,1.0.0,Cool,everyday; sporty; theatrical,No,ShoesHighcutKatesneaker5,11775,sb4a63H75Cd2SbNFA,1
lace-up boots,Black,No,1920,480,Black,Black,1x1,,Able Sisters,Available from Able Sisters shop only,All Year,Yes,1.0.0,Cool,everyday; theatrical,No,ShoesKneeLaceup0,5667,sNmoLH8tnpNCC5X4z,1
lace-up boots,White,No,1920,480,White,White,1x1,,Able Sisters,Available from Able Sisters shop only,All Year,No,1.0.0,Cool,everyday; theatrical,No,ShoesKneeLaceup1,11257,vMF7xDM6WkNnoSn5g,1
lace-up boots,Brown,No,1920,480,Brown,Brown,1x1,,Able Sisters,Available from Able Sisters shop only,All Year,Yes,1.0.0,Cool,everyday; theatrical,No,ShoesKneeLaceup2,11258,7ztxnCQz2E5TFXv57,1
lace-up boots,Red,No,1920,480,Red,Brown,1x1,,Able Sisters,Available from Able Sisters shop only,All Year,No,1.0.0,Cool,everyday; theatrical,No,ShoesKneeLaceup3,11259,fP7ujb2fhYNT3RWZ7,1
leaf-egg shoes,None,Yes,NFS,800,Yellow,Orange,1x1,,Crafting,,All Year,No,1.1.0a,Active,fairy tale; party; theatrical,No,ShoesLowcutEggleaf0,12457,LE3RpADLBDaJ7hHNP,0
leopard pumps,Beige,No,1560,390,Beige,Brown,1x1,,Able Sisters,Available from Able Sisters shop only,All Year,No,1.0.0,Elegant,everyday; party; theatrical,No,ShoesLowcutLeopard0,5477,Ey7Y3uBu6WKm8y8ct,1
leopard pumps,Gray,No,1560,390,Gray,Black,1x1,,Able Sisters,Available from Able Sisters shop only,All Year,Yes,1.0.0,Elegant,everyday; party; theatrical,No,ShoesLowcutLeopard1,10132,4dWXRYLHywa22CiDJ,1
leopard pumps,Blue,No,1560,390,Blue,Blue,1x1,,Able Sisters,Available from Able Sisters shop only,All Year,No,1.0.0,Elegant,everyday; party; theatrical,No,ShoesLowcutLeopard2,10133,AnEBDgrZ4523Ndji9,1
leopard pumps,Green,No,1560,390,Green,Green,1x1,,Able Sisters,Available from Able Sisters shop only,All Year,No,1.0.0,Elegant,everyday; party; theatrical,No,ShoesLowcutLeopard3,10134,TcbC2LDWxS5iHeSqm,1
leopard pumps,Purple,No,1560,390,Purple,Purple,1x1,,Able Sisters,Available from Able Sisters shop only,All Year,No,1.0.0,Elegant,everyday; party; theatrical,No,ShoesLowcutLeopard4,10135,2nK5kvg7qiEdpxFCN,1
leopard pumps,Pink,No,1560,390,Pink,Pink,1x1,,Able Sisters,Available from Able Sisters shop only,All Year,No,1.0.0,Elegant,everyday; party; theatrical,No,ShoesLowcutLeopard5,10136,F9dwiM2YcJy8C8kBZ,1
loafers,Brown,No,1300,325,Brown,Brown,1x1,,Able Sisters,Available from Able Sisters shop only,All Year,Yes,1.0.0,Simple,everyday; formal; work,No,ShoesLowcutLoafers0,4724,XyqDFz4BRSEzksRqq,1
loafers,Black,No,1300,325,Black,Black,1x1,,Able Sisters,Available from Able Sisters shop only,All Year,No,1.0.0,Simple,everyday; formal; work,No,ShoesLowcutLoafers1,11449,nKNWYa5dKmARM7SvT,1
loafers,White,No,1300,325,White,Brown,1x1,,Able Sisters,Available from Able Sisters shop only,All Year,No,1.0.0,Simple,everyday; formal; work,No,ShoesLowcutLoafers2,11450,pKntHcedJhPRZKHmf,1
loafers,Pink,No,1300,325,Pink,Black,1x1,,Able Sisters,Available from Able Sisters shop only,All Year,No,1.0.0,Simple,everyday; formal; work,No,ShoesLowcutLoafers3,11451,fPPRtqopYqbAny4As,1
loafers,Blue,No,1300,325,Blue,Black,1x1,,Able Sisters,Available from Able Sisters shop only,All Year,No,1.0.0,Simple,everyday; formal; work,No,ShoesLowcutLoafers4,11452,KZbcJ6Y2azsNN5CQp,1
loafers,Yellow,No,1300,325,Yellow,Black,1x1,,Able Sisters,Available from Able Sisters shop only,All Year,No,1.0.0,Simple,everyday; formal; work,No,ShoesLowcutLoafers5,11453,yQbPEnufsfMi3W3bX,1
loafers,Red,No,1300,325,Red,Black,1x1,,Able Sisters,Available from Able Sisters shop only,All Year,No,1.0.0,Simple,everyday; formal; work,No,ShoesLowcutLoafers6,11454,PukSQjXvyYzFeZqcD,1
mage's booties,Black,No,1550,387,Black,Purple,1x1,,Kicks,,All Year,No,1.0.0,Cool,fairy tale; goth; theatrical,No,ShoesKneeWitch0,6894,tKv2qT7NoEHtYiP4n,1
mage's booties,Blue,No,1550,387,Blue,Light blue,1x1,,Kicks,,All Year,No,1.0.0,Cool,fairy tale; goth; theatrical,No,ShoesKneeWitch1,11561,mbi2SGaxxTc9DCKqb,1
mage's booties,White,No,1550,387,White,White,1x1,,Kicks,,All Year,No,1.0.0,Cool,fairy tale; goth; theatrical,No,ShoesKneeWitch2,11562,ncnoEonPFECoYQJdP,1
mage's booties,Red,No,1550,387,Red,Red,1x1,,Kicks,,All Year,No,1.0.0,Cool,fairy tale; goth; theatrical,No,ShoesKneeWitch3,11563,XczPtA2SGxvdSmuwH,1
mary janes,Black,No,1800,450,Black,Black,1x1,,Able Sisters,Available from Able Sisters shop only,All Year,Yes,1.0.0,Cute,everyday; fairy tale; formal; party; work,No,ShoesLowcutStrap0,5471,tcPAf8PdxWMPJ56TC,1
mary janes,Red,No,1800,450,Red,Red,1x1,,Able Sisters,Available from Able Sisters shop only,All Year,No,1.0.0,Cute,everyday; fairy tale; formal; party; work,No,ShoesLowcutStrap1,10162,fhovDJCbyJ4ECSeEr,1
mary janes,White,No,1800,450,White,White,1x1,,Able Sisters,Available from Able Sisters shop only,All Year,No,1.0.0,Cute,everyday; fairy tale; formal; party; work,No,ShoesLowcutStrap2,10163,fs9C7jNtLwxKADExm,1
mary janes,Light blue,No,1800,450,Light blue,Light blue,1x1,,Able Sisters,Available from Able Sisters shop only,All Year,No,1.0.0,Cute,everyday; fairy tale; formal; party; work,No,ShoesLowcutStrap3,10164,3vTqRmCZpmeQWANB9,1
mary janes,Yellow,No,1800,450,Yellow,Yellow,1x1,,Able Sisters,Available from Able Sisters shop only,All Year,No,1.0.0,Cute,everyday; fairy tale; formal; party; work,No,ShoesLowcutStrap4,10165,STYMB3qiDR7pocoAt,1
mary janes,Blue,No,1800,450,Blue,Blue,1x1,,Able Sisters,Available from Able Sisters shop only,All Year,Yes,1.0.0,Cute,everyday; fairy tale; formal; party; work,No,ShoesLowcutStrap5,10166,P2y3oTkbFmXHwSSDx,1
mary janes,Green,No,1800,450,Green,Green,1x1,,Able Sisters,Available from Able Sisters shop only,All Year,Yes,1.0.0,Cute,everyday; fairy tale; formal; party; work,No,ShoesLowcutStrap6,10167,XgJAZ7yWs43DKkfjm,1
mary janes,Pink,No,1800,450,Pink,Pink,1x1,,Able Sisters,Available from Able Sisters shop only,All Year,Yes,1.0.0,Cute,everyday; fairy tale; formal; party; work,No,ShoesLowcutStrap7,10168,HyyFEEoddMkfGhZKN,1
moccasin boots,Camel,No,1120,280,Yellow,Beige,1x1,,Able Sisters,Available from Able Sisters shop only,Winter,No,1.0.0,Simple,everyday; comfy; vacation,No,ShoesHighcutMoccasin0,5542,6a8aJ5Ca4uJXRn5cF,1
moccasin boots,Olive,No,1120,280,Green,Beige,1x1,,Able Sisters,Available from Able Sisters shop only,Winter,No,1.0.0,Simple,everyday; comfy; vacation,No,ShoesHighcutMoccasin1,11456,6ufhuatgmDBKgNCZL,1
moccasin boots,Beige,No,1120,280,Beige,Beige,1x1,,Able Sisters,Available from Able Sisters shop only,Winter,No,1.0.0,Simple,everyday; comfy; vacation,No,ShoesHighcutMoccasin2,11457,L4cyTp779xTQr4dem,1
moccasin boots,Pink,No,1120,280,Pink,Beige,1x1,,Able Sisters,Available from Able Sisters shop only,Winter,No,1.0.0,Simple,everyday; comfy; vacation,No,ShoesHighcutMoccasin3,11458,EizwkphgKRHNZjqdS,1
moccasin boots,Black,No,1120,280,Black,Beige,1x1,,Able Sisters,Available from Able Sisters shop only,Winter,Yes,1.0.0,Simple,everyday; comfy; vacation,No,ShoesHighcutMoccasin4,11459,8oSWwD9gw84jXsvEm,1
moccasin boots,Blue,No,1120,280,Light blue,Beige,1x1,,Able Sisters,Available from Able Sisters shop only,Winter,No,1.0.0,Simple,everyday; comfy; vacation,No,ShoesHighcutMoccasin5,11460,AzNm6SnygdC6nD69M,1
moccasin boots,Orange,No,1120,280,Brown,Beige,1x1,,Able Sisters,Available from Able Sisters shop only,Winter,Yes,1.0.0,Simple,everyday; comfy; vacation,No,ShoesHighcutMoccasin6,11461,S75a7Lg4LsrZWdE7u,1
moccasins,Camel,No,1080,270,Yellow,Brown,1x1,,Able Sisters,Available from Able Sisters shop only,All Year,Yes,1.0.0,Elegant,everyday; comfy,No,ShoesLowcutMoccasin0,5807,SpvHngyJ9AuiKwYzm,1
moccasins,Red,No,1080,270,Red,Black,1x1,,Able Sisters,Available from Able Sisters shop only,All Year,No,1.0.0,Elegant,everyday; comfy,No,ShoesLowcutMoccasin1,11465,tHHXagqyKFSz4f8w8,1
moccasins,Light blue,No,1080,270,Light blue,Brown,1x1,,Able Sisters,Available from Able Sisters shop only,All Year,No,1.0.0,Elegant,everyday; comfy,No,ShoesLowcutMoccasin2,11466,DjFwDzv5JsXzbBh7n,1
moccasins,White,No,1080,270,White,Black,1x1,,Able Sisters,Available from Able Sisters shop only,All Year,No,1.0.0,Elegant,everyday; comfy,No,ShoesLowcutMoccasin3,11467,EEsaJmPjGLnXNxFKm,1
moccasins,Pink,No,1080,270,Pink,Brown,1x1,,Able Sisters,Available from Able Sisters shop only,All Year,No,1.0.0,Elegant,everyday; comfy,No,ShoesLowcutMoccasin4,11468,pBBdogRTWvdxBems7,1
moccasins,Gray,No,1080,270,Gray,Black,1x1,,Able Sisters,Available from Able Sisters shop only,All Year,Yes,1.0.0,Elegant,everyday; comfy,No,ShoesLowcutMoccasin5,11469,4unvwzJxsS3XjpfuB,1
moccasins,Black,No,1080,270,Black,Black,1x1,,Able Sisters,Available from Able Sisters shop only,All Year,Yes,1.0.0,Elegant,everyday; comfy,No,ShoesLowcutMoccasin6,11470,qzZAMBDZCAjRFFD8v,1
Nook Inc. slippers,White,No,NFS,2000,White,Green,1x1,400.0,Nook Miles Shop,,All Year,No,1.0.0,Simple,comfy,No,ShoesSandalRco,5630,Aba2jKEYFb3ZSzoWv,0
outdoor sandals,Green,No,630,157,Green,Black,1x1,,Able Sisters,Available from either Mable's temporary shop or Able Sisters shop,Summer,No,1.0.0,Active,outdoorsy; comfy; vacation,No,ShoesSandalOutdoor0,5640,BnWQmdRpMLoHthF3j,1
outdoor sandals,Red,No,630,157,Red,Black,1x1,,Able Sisters,Available from either Mable's temporary shop or Able Sisters shop,Summer,No,1.0.0,Active,outdoorsy; comfy; vacation,No,ShoesSandalOutdoor1,10707,mfmnkmNpSzWgKcRsT,1
outdoor sandals,Blue,No,630,157,Blue,Black,1x1,,Able Sisters,Available from either Mable's temporary shop or Able Sisters shop,Summer,No,1.0.0,Active,outdoorsy; comfy; vacation,No,ShoesSandalOutdoor2,10708,QaPK5tMTrBohRYkzh,1
outdoor sandals,Purple,No,630,157,Purple,Black,1x1,,Able Sisters,Available from either Mable's temporary shop or Able Sisters shop,Summer,No,1.0.0,Active,outdoorsy; comfy; vacation,No,ShoesSandalOutdoor3,10709,6xpDCB24AbaE99KCF,1
outdoor sandals,Yellow,No,630,157,Yellow,Black,1x1,,Able Sisters,Available from either Mable's temporary shop or Able Sisters shop,Summer,No,1.0.0,Active,outdoorsy; comfy; vacation,No,ShoesSandalOutdoor4,10710,CvPPDbRnzFKKBSFSC,1
outdoor sandals,Orange,No,630,157,Orange,Black,1x1,,Able Sisters,Available from either Mable's temporary shop or Able Sisters shop,Summer,No,1.0.0,Active,outdoorsy; comfy; vacation,No,ShoesSandalOutdoor5,10711,4PqGRqeQ7CzcnXt2P,1
outdoor sandals,White,No,630,157,White,Black,1x1,,Able Sisters,Available from either Mable's temporary shop or Able Sisters shop,Summer,No,1.0.0,Active,outdoorsy; comfy; vacation,No,ShoesSandalOutdoor6,10712,iZnEdXRHGkB8upzKY,1
outdoor sandals,Black,No,630,157,Black,Black,1x1,,Able Sisters,Available from either Mable's temporary shop or Able Sisters shop,Summer,Yes,1.0.0,Active,outdoorsy; comfy; vacation,No,ShoesSandalOutdoor7,10713,TxWPbv6SR2kkQ5qW6,1
paw slippers,Pink,No,1260,315,Pink,Pink,1x1,,Kicks,,All Year,No,1.0.0,Cute,fairy tale; party; theatrical,No,ShoesLowcutAnimal0,5469,zPA3tiBnSWjb49scP,1
paw slippers,Brown,No,1260,315,Brown,Brown,1x1,,Kicks,,All Year,No,1.0.0,Cute,fairy tale; party; theatrical,No,ShoesLowcutAnimal1,10976,QuqDNpdRXWXzHKY9h,1
paw slippers,White,No,1260,315,White,White,1x1,,Kicks,,All Year,No,1.0.0,Cute,fairy tale; party; theatrical,No,ShoesLowcutAnimal2,10977,yrXceyd3fyhzg4PDD,1
paw slippers,Blue,No,1260,315,Light blue,Light blue,1x1,,Kicks,,All Year,No,1.0.0,Cute,fairy tale; party; theatrical,No,ShoesLowcutAnimal3,10978,moK7LvPta9MKL6WKP,1
paw slippers,Black,No,1260,315,Black,Black,1x1,,Kicks,,All Year,No,1.0.0,Cute,fairy tale; party; theatrical,No,ShoesLowcutAnimal4,10979,7uDbKzSsn9M4YjKD8,1
pleather ankle booties,Brown,No,1280,320,Brown,Brown,1x1,,Able Sisters,Available from Able Sisters shop only,All Year,Yes,1.0.0,Elegant,everyday; formal; party,No,ShoesHighcutShortboots0,5474,QSxtJ4L7qnMs3AmhT,1
pleather ankle booties,Black,No,1280,320,Black,Black,1x1,,Able Sisters,Available from Able Sisters shop only,All Year,Yes,1.0.0,Elegant,everyday; formal; party,No,ShoesHighcutShortboots1,11679,ckPxzgw73nbjWg6Bq,1
pleather ankle booties,Green,No,1280,320,Green,Green,1x1,,Able Sisters,Available from Able Sisters shop only,All Year,No,1.0.0,Elegant,everyday; formal; party,No,ShoesHighcutShortboots2,11680,zvnxRiA7p4LpjtsD9,1
pleather ankle booties,Mustard,No,1280,320,Yellow,Yellow,1x1,,Able Sisters,Available from Able Sisters shop only,All Year,No,1.0.0,Elegant,everyday; formal; party,No,ShoesHighcutShortboots3,11681,ubApDpnHA6xBoteSP,1
pleather sneakers,White,No,700,175,White,White,1x1,,Able Sisters,Available from either Mable's temporary shop or Able Sisters shop,All Year,Yes,1.0.0,Simple,everyday; outdoorsy; sporty,No,ShoesLowcutLeathersneker0,4716,MvyqYcx2cPGoDnG2F,1
pleather sneakers,Black,No,700,175,Black,Black,1x1,,Able Sisters,Available from either Mable's temporary shop or Able Sisters shop,All Year,Yes,1.0.0,Simple,everyday; outdoorsy; sporty,No,ShoesLowcutLeathersneker1,10046,meSAwpgrLaXYTZ6PM,1
pleather sneakers,Red,No,700,175,Red,White,1x1,,Able Sisters,Available from either Mable's temporary shop or Able Sisters shop,All Year,No,1.0.0,Simple,everyday; outdoorsy; sporty,No,ShoesLowcutLeathersneker2,10047,6MRPf3xicDyzPnwTT,1
pleather sneakers,Green,No,700,175,Green,White,1x1,,Able Sisters,Available from either Mable's temporary shop or Able Sisters shop,All Year,No,1.0.0,Simple,everyday; outdoorsy; sporty,No,ShoesLowcutLeathersneker3,10048,wZN8iiWBhegci4vH8,1
pleather sneakers,Blue,No,700,175,Blue,White,1x1,,Able Sisters,Available from either Mable's temporary shop or Able Sisters shop,All Year,No,1.0.0,Simple,everyday; outdoorsy; sporty,No,ShoesLowcutLeathersneker4,10049,TJn6f2GivkPh3wNCW,1
pleather sneakers,Yellow,No,700,175,Yellow,White,1x1,,Able Sisters,Available from either Mable's temporary shop or Able Sisters shop,All Year,No,1.0.0,Simple,everyday; outdoorsy; sporty,No,ShoesLowcutLeathersneker5,10050,XkKrKvtQ7WtaoPAFR,1
pleather sneakers,Light blue,No,700,175,Light blue,White,1x1,,Able Sisters,Available from either Mable's temporary shop or Able Sisters shop,All Year,No,1.0.0,Simple,everyday; outdoorsy; sporty,No,ShoesLowcutLeathersneker6,10051,YyTT7rtusTv5i2kf7,1
pleather sneakers,Orange,No,700,175,Orange,White,1x1,,Able Sisters,Available from either Mable's temporary shop or Able Sisters shop,All Year,No,1.0.0,Simple,everyday; outdoorsy; sporty,No,ShoesLowcutLeathersneker7,10052,hnwirvwCRgHHG9oSM,1
pom-pom boots,Pink,No,1600,400,Pink,White,1x1,,Able Sisters,Available from Able Sisters shop only,Winter,No,1.0.0,Cute,fairy tale; party,No,ShoesHighcutBobbles0,5545,ikoDt2wBKC4tMdMTd,1
pom-pom boots,Red,No,1600,400,Red,White,1x1,,Able Sisters,Available from Able Sisters shop only,Winter,No,1.0.0,Cute,fairy tale; party,No,ShoesHighcutBobbles1,6860,jwWqyc6DdM7qBStcR,1
pom-pom boots,Yellow,No,1600,400,Yellow,White,1x1,,Able Sisters,Available from Able Sisters shop only,Winter,No,1.0.0,Cute,fairy tale; party,No,ShoesHighcutBobbles2,6867,rSXv7GNTw2kzXvDMh,1
pom-pom boots,Purple,No,1600,400,Purple,White,1x1,,Able Sisters,Available from Able Sisters shop only,Winter,No,1.0.0,Cute,fairy tale; party,No,ShoesHighcutBobbles3,11691,gNQ8dYScE5ZRJ4F6z,1
pom-pom boots,Green,No,1600,400,Green,White,1x1,,Able Sisters,Available from Able Sisters shop only,Winter,No,1.0.0,Cute,fairy tale; party,No,ShoesHighcutBobbles4,11692,6SYe4Ap54nWGsCEFY,1
pom-pom boots,Blue,No,1600,400,Blue,White,1x1,,Able Sisters,Available from Able Sisters shop only,Winter,No,1.0.0,Cute,fairy tale; party,No,ShoesHighcutBobbles5,11693,ZbvBuyaGsoBguhSP7,1
pom-pom boots,Black,No,1600,400,Gray,Black,1x1,,Able Sisters,Available from Able Sisters shop only,Winter,No,1.0.0,Cute,fairy tale; party,No,ShoesHighcutBobbles6,11694,PyrYHQEgWYw5A5xxe,1
power boots,Red,No,3150,787,Red,Gray,1x1,,Kicks,,All Year,No,1.0.0,Active,fairy tale; theatrical; work,No,ShoesKneePowered0,5698,EdeJCph8C4rwyyeDF,1
power boots,Blue,No,3150,787,Blue,Green,1x1,,Kicks,,All Year,No,1.0.0,Active,fairy tale; theatrical; work,No,ShoesKneePowered1,11797,7Ps3tA9FuZdMPHFhN,1
power boots,Green,No,3150,787,Green,Purple,1x1,,Kicks,,All Year,No,1.0.0,Active,fairy tale; theatrical; work,No,ShoesKneePowered2,11798,hMfdaCgqqdYB5SxcT,1
power boots,Black,No,3150,787,Black,Red,1x1,,Kicks,,All Year,No,1.0.0,Active,fairy tale; theatrical; work,No,ShoesKneePowered3,11799,7hsm7pbTKWbeaqHQc,1
rain boots,Yellow,No,490,122,Yellow,Yellow,1x1,,Able Sisters,Available from either Mable's temporary shop or Able Sisters shop,All Year,No,1.0.0,Simple,everyday; outdoorsy,No,ShoesKneeRainboots0,4733,QWCYpFbf4JEobjwav,1
rain boots,Green,No,490,122,Green,Green,1x1,,Able Sisters,Available from either Mable's temporary shop or Able Sisters shop,All Year,Yes,1.0.0,Simple,everyday; outdoorsy,No,ShoesKneeRainboots1,11551,R3vuRBSPQ8kMsx4cn,1
rain boots,Blue,No,490,122,Blue,Blue,1x1,,Able Sisters,Available from either Mable's temporary shop or Able Sisters shop,All Year,No,1.0.0,Simple,everyday; outdoorsy,No,ShoesKneeRainboots2,11552,bC58G7zF8S62ueYyS,1
rain boots,Purple,No,490,122,Purple,Purple,1x1,,Able Sisters,Available from either Mable's temporary shop or Able Sisters shop,All Year,No,1.0.0,Simple,everyday; outdoorsy,No,ShoesKneeRainboots3,11553,yb8Xzzv8eeCS4TJq7,1
rain boots,Pink,No,490,122,Pink,Pink,1x1,,Able Sisters,Available from either Mable's temporary shop or Able Sisters shop,All Year,No,1.0.0,Simple,everyday; outdoorsy,No,ShoesKneeRainboots4,11554,FHjX8EryuvqR8Lriq,1
rain boots,Red,No,490,122,Red,Red,1x1,,Able Sisters,Available from either Mable's temporary shop or Able Sisters shop,All Year,No,1.0.0,Simple,everyday; outdoorsy,No,ShoesKneeRainboots5,11555,TBaCCXwZQrPpXfyRc,1
rain boots,Beige,No,490,122,Beige,Beige,1x1,,Able Sisters,Available from either Mable's temporary shop or Able Sisters shop,All Year,No,1.0.0,Simple,everyday; outdoorsy,No,ShoesKneeRainboots6,11556,GThEGgGR9schjrSLL,1
rain boots,Black,No,490,122,Black,Black,1x1,,Able Sisters,Available from either Mable's temporary shop or Able Sisters shop,All Year,No,1.0.0,Simple,everyday; outdoorsy,No,ShoesKneeRainboots7,11557,dBLH9boiqRY25CAkE,1
recycled boots,Brown,Yes,NFS,40,Brown,Gray,1x1,,Crafting,,All Year,No,1.0.0,Simple,outdoorsy,No,ShoesKneeRecyclingboots0,12326,pymFdvNQcZoDF2EQg,0
restroom slippers,Navy blue,No,350,87,Blue,Blue,1x1,,Kicks,,All Year,No,1.0.0,Simple,comfy,No,ShoesLowcutToilet0,5800,BJToZwde8mPrayZHC,1
restroom slippers,Red,No,350,87,Red,Red,1x1,,Kicks,,All Year,No,1.0.0,Simple,comfy,No,ShoesLowcutToilet1,10105,YgbKhnaDc53vupcpX,1
restroom slippers,Green,No,350,87,Green,Green,1x1,,Kicks,,All Year,No,1.0.0,Simple,comfy,No,ShoesLowcutToilet2,10106,XF7u6KhqeRd99bJ7q,1
restroom slippers,Light blue,No,350,87,Light blue,Light blue,1x1,,Kicks,,All Year,No,1.0.0,Simple,comfy,No,ShoesLowcutToilet3,10107,ofPJY5TFLBryNjWwW,1
restroom slippers,Pink,No,350,87,Pink,Pink,1x1,,Kicks,,All Year,No,1.0.0,Simple,comfy,No,ShoesLowcutToilet4,10108,eLhP3LBZSerB3Rz2E,1
ribbon sandals,Blue,No,1300,325,Blue,Beige,1x1,,Able Sisters,Available from either Mable's temporary shop or Able Sisters shop,Summer,Yes,1.0.0,Cute,everyday; fairy tale; vacation,No,ShoesSandalRibbon0,5814,KeqaR8Ze6LyYW9RqA,1
ribbon sandals,White,No,1300,325,White,Beige,1x1,,Able Sisters,Available from either Mable's temporary shop or Able Sisters shop,Summer,No,1.0.0,Cute,everyday; fairy tale; vacation,No,ShoesSandalRibbon1,10721,Wq5syMKeGKA2qbD2s,1
ribbon sandals,Pink,No,1300,325,Pink,Beige,1x1,,Able Sisters,Available from either Mable's temporary shop or Able Sisters shop,Summer,No,1.0.0,Cute,everyday; fairy tale; vacation,No,ShoesSandalRibbon2,10722,QkAtu7Q6CJon4XNoa,1
ribbon sandals,Yellow,No,1300,325,Yellow,Beige,1x1,,Able Sisters,Available from either Mable's temporary shop or Able Sisters shop,Summer,Yes,1.0.0,Cute,everyday; fairy tale; vacation,No,ShoesSandalRibbon3,10723,Fk8yQ59e8fJdYiprE,1
ribbon sandals,Green,No,1300,325,Green,Beige,1x1,,Able Sisters,Available from either Mable's temporary shop or Able Sisters shop,Summer,No,1.0.0,Cute,everyday; fairy tale; vacation,No,ShoesSandalRibbon4,10724,RjfiqFkqYxszRspu3,1
ribbon sandals,Berry red,No,1300,325,Red,Beige,1x1,,Able Sisters,Available from either Mable's temporary shop or Able Sisters shop,Summer,No,1.0.0,Cute,everyday; fairy tale; vacation,No,ShoesSandalRibbon5,10725,NJEv8nHDPBobY8uF4,1
ribbon sandals,Black,No,1300,325,Black,Beige,1x1,,Able Sisters,Available from either Mable's temporary shop or Able Sisters shop,Summer,No,1.0.0,Cute,everyday; fairy tale; vacation,No,ShoesSandalRibbon6,10726,cb2sKjFjwFDFgsgSb,1
ribbon sandals,Beige,No,1300,325,Gray,Beige,1x1,,Able Sisters,Available from either Mable's temporary shop or Able Sisters shop,Summer,No,1.0.0,Cute,everyday; fairy tale; vacation,No,ShoesSandalRibbon7,10727,7yuxPjGQx5kfkhtnd,1
rubber-toe high tops,Blue,No,1260,315,Blue,White,1x1,,Able Sisters,Available from Able Sisters shop only,All Year,No,1.0.0,Simple,everyday; sporty,No,ShoesHighcutRubbertoe0,5617,r495YqHHQjC5tS9tc,1
rubber-toe high tops,Olive,No,1260,315,Green,White,1x1,,Able Sisters,Available from Able Sisters shop only,All Year,No,1.0.0,Simple,everyday; sporty,No,ShoesHighcutRubbertoe1,10053,tfMMQyk3kTFo8Grj3,1
rubber-toe high tops,Beige,No,1260,315,Beige,White,1x1,,Able Sisters,Available from Able Sisters shop only,All Year,Yes,1.0.0,Simple,everyday; sporty,No,ShoesHighcutRubbertoe2,10054,kxNYJ6ecrni3FYsQC,1
rubber-toe high tops,Pink,No,1260,315,Pink,White,1x1,,Able Sisters,Available from Able Sisters shop only,All Year,No,1.0.0,Simple,everyday; sporty,No,ShoesHighcutRubbertoe3,10055,vdcE6F47jbNvpFHSS,1
rubber-toe high tops,Berry red,No,1260,315,Red,White,1x1,,Able Sisters,Available from Able Sisters shop only,All Year,No,1.0.0,Simple,everyday; sporty,No,ShoesHighcutRubbertoe4,10056,qKtTEY7u2itPu6kPf,1
rubber-toe high tops,Coral,No,1260,315,Orange,White,1x1,,Able Sisters,Available from Able Sisters shop only,All Year,No,1.0.0,Simple,everyday; sporty,No,ShoesHighcutRubbertoe5,10057,HBFY9CWNhtx57khyM,1
rubber-toe high tops,Ivory,No,1260,315,White,White,1x1,,Able Sisters,Available from Able Sisters shop only,All Year,No,1.0.0,Simple,everyday; sporty,No,ShoesHighcutRubbertoe6,10058,atTwSXfw9x52DbZRj,1
rubber-toe high tops,Black,No,1260,315,Black,Black,1x1,,Able Sisters,Available from Able Sisters shop only,All Year,Yes,1.0.0,Simple,everyday; sporty,No,ShoesHighcutRubbertoe7,10059,LhiGsXbeLR3BfwEnT,1
rubber-toe sneakers,Purple,No,1080,270,Purple,White,1x1,,Able Sisters,Available from either Mable's temporary shop or Able Sisters shop,All Year,No,1.0.0,Simple,everyday; sporty,No,ShoesLowcutRubbertoe0,6892,eq7PSgXfLfTbmKGKY,1
rubber-toe sneakers,Green,No,1080,270,Green,White,1x1,,Able Sisters,Available from either Mable's temporary shop or Able Sisters shop,All Year,No,1.0.0,Simple,everyday; sporty,No,ShoesLowcutRubbertoe1,10067,JCn5sFjYokpJtNyqZ,1
rubber-toe sneakers,Yellow,No,1080,270,Yellow,White,1x1,,Able Sisters,Available from either Mable's temporary shop or Able Sisters shop,All Year,No,1.0.0,Simple,everyday; sporty,No,ShoesLowcutRubbertoe2,10068,zd3N7wBnQEYNczJiS,1
rubber-toe sneakers,Light blue,No,1080,270,Light blue,White,1x1,,Able Sisters,Available from either Mable's temporary shop or Able Sisters shop,All Year,No,1.0.0,Simple,everyday; sporty,No,ShoesLowcutRubbertoe3,10069,gFYvSYE6RhYPYfGRC,1
rubber-toe sneakers,Red,No,1080,270,Red,White,1x1,,Able Sisters,Available from either Mable's temporary shop or Able Sisters shop,All Year,No,1.0.0,Simple,everyday; sporty,No,ShoesLowcutRubbertoe4,10070,3uw8c5QGwBv954cDs,1
rubber-toe sneakers,Pink,No,1080,270,Pink,White,1x1,,Able Sisters,Available from either Mable's temporary shop or Able Sisters shop,All Year,No,1.0.0,Simple,everyday; sporty,No,ShoesLowcutRubbertoe5,10071,WX8FE3WFJf588yRJq,1
rubber-toe sneakers,Blue,No,1080,270,Blue,White,1x1,,Able Sisters,Available from either Mable's temporary shop or Able Sisters shop,All Year,No,1.0.0,Simple,everyday; sporty,No,ShoesLowcutRubbertoe6,10072,tiNSYwmShxfo2mTiP,1
rubber-toe sneakers,Black,No,1080,270,Black,White,1x1,,Able Sisters,Available from either Mable's temporary shop or Able Sisters shop,All Year,Yes,1.0.0,Simple,everyday; sporty,No,ShoesLowcutRubbertoe7,10073,n9ef92fAk5TDu29EN,1
samurai greaves,Red,No,4300,1075,Red,Blue,1x1,,Kicks,,All Year,No,1.0.0,Cool,theatrical; work,No,ShoesKneeLegguard0,5546,su835EMzZKpv2Whv2,1
samurai greaves,Black,No,4300,1075,Black,Blue,1x1,,Kicks,,All Year,No,1.0.0,Cool,theatrical; work,No,ShoesKneeLegguard1,11567,GpcGFYoMWDXKKvTuT,1
samurai greaves,Blue,No,4300,1075,Blue,Blue,1x1,,Kicks,,All Year,No,1.0.0,Cool,theatrical; work,No,ShoesKneeLegguard2,11568,uxQmHGifmnCb3Boyw,1
samurai greaves,White,No,4300,1075,White,Blue,1x1,,Kicks,,All Year,No,1.0.0,Cool,theatrical; work,No,ShoesKneeLegguard3,11569,MB4ES9NjTNx2DE5Ps,1
samurai greaves,Golden yellow,No,4300,1075,Orange,Blue,1x1,,Kicks,,All Year,No,1.0.0,Cool,theatrical; work,No,ShoesKneeLegguard4,11570,vKNjjoQ6LLoQN6z2a,1
shiny bow platform shoes,Pink,No,2400,600,Pink,Pink,1x1,,Kicks,,All Year,No,1.0.0,Cute,fairy tale; party; theatrical,No,ShoesLowcutLolita0,5606,JCHkpNJKK4q3f7G3R,1
shiny bow platform shoes,Black,No,2400,600,Black,Black,1x1,,Kicks,,All Year,No,1.0.0,Cute,fairy tale; party; theatrical,No,ShoesLowcutLolita1,10149,xs3WYWx8mSTYQwq9n,1
shiny bow platform shoes,Red,No,2400,600,Red,Red,1x1,,Kicks,,All Year,No,1.0.0,Cute,fairy tale; party; theatrical,No,ShoesLowcutLolita2,10150,p3p8ifj6sWkrx5uuC,1
shiny bow platform shoes,Purple,No,2400,600,Purple,Purple,1x1,,Kicks,,All Year,No,1.0.0,Cute,fairy tale; party; theatrical,No,ShoesLowcutLolita3,10151,947juCMoGceMJSytH,1
shiny bow platform shoes,Light blue,No,2400,600,Blue,Blue,1x1,,Kicks,,All Year,No,1.0.0,Cute,fairy tale; party; theatrical,No,ShoesLowcutLolita4,10152,wwGACYDtygfqRdp5N,1
shiny bow platform shoes,White,No,2400,600,White,White,1x1,,Kicks,,All Year,No,1.0.0,Cute,fairy tale; party; theatrical,No,ShoesLowcutLolita5,10153,vm3ugd64szb933prn,1
shiny bow platform shoes,Light purple,No,2400,600,Purple,Purple,1x1,,Kicks,,All Year,No,1.0.0,Cute,fairy tale; party; theatrical,No,ShoesLowcutLolita6,10154,tTGe9YJzagEXzFZjj,1
shower sandals,Black,No,350,87,Black,White,1x1,,Able Sisters,Available from either Mable's temporary shop or Able Sisters shop,All Year,Yes,1.0.0,Active,everyday; outdoorsy; comfy; vacation,No,ShoesSandalShower0,4714,Zf4HuKDJSaXy5Qzwg,1
shower sandals,White,No,350,87,White,Gray,1x1,,Able Sisters,Available from either Mable's temporary shop or Able Sisters shop,All Year,No,1.0.0,Active,everyday; outdoorsy; comfy; vacation,No,ShoesSandalShower1,10696,TeepAoZAHJGpJXXv7,1
shower sandals,Gold,No,350,87,Yellow,White,1x1,,Able Sisters,Available from either Mable's temporary shop or Able Sisters shop,All Year,No,1.0.0,Active,everyday; outdoorsy; comfy; vacation,No,ShoesSandalShower2,10697,ubXSMjNnaXDaobiAX,1
shower sandals,Red,No,350,87,Red,White,1x1,,Able Sisters,Available from either Mable's temporary shop or Able Sisters shop,All Year,No,1.0.0,Active,everyday; outdoorsy; comfy; vacation,No,ShoesSandalShower3,10698,iH6Z7x6rcaxHCdHnW,1
shower sandals,Blue,No,350,87,Blue,White,1x1,,Able Sisters,Available from either Mable's temporary shop or Able Sisters shop,All Year,Yes,1.0.0,Active,everyday; outdoorsy; comfy; vacation,No,ShoesSandalShower4,10699,F8maThw5HTMMWxrEY,1
ski boots,White,No,1800,450,White,Blue,1x1,,Kicks,,Winter,No,1.0.0,Active,outdoorsy; sporty,No,ShoesKneeSki0,5660,n2QGDJbTEi3ttYi7o,1
ski boots,Orange,No,1800,450,Orange,Black,1x1,,Kicks,,Winter,No,1.0.0,Active,outdoorsy; sporty,No,ShoesKneeSki1,10992,2sC56DmBS9zFAY8fh,1
ski boots,Red,No,1800,450,Red,Black,1x1,,Kicks,,Winter,No,1.0.0,Active,outdoorsy; sporty,No,ShoesKneeSki2,10993,FGXQs3vPFSaPSR6tr,1
ski boots,Lime,No,1800,450,Yellow,Green,1x1,,Kicks,,Winter,No,1.0.0,Active,outdoorsy; sporty,No,ShoesKneeSki3,10994,ovpA5W2y9AL5XC5Hv,1
ski boots,Light blue,No,1800,450,Light blue,Yellow,1x1,,Kicks,,Winter,No,1.0.0,Active,outdoorsy; sporty,No,ShoesKneeSki4,10995,9b8sNnAJRpZNaQZ3Y,1
ski boots,Purple,No,1800,450,Blue,Pink,1x1,,Kicks,,Winter,No,1.0.0,Active,outdoorsy; sporty,No,ShoesKneeSki5,10996,kXThwqjtFGyQ98HwE,1
sky-egg shoes,None,Yes,NFS,800,Green,Green,1x1,,Crafting,,All Year,No,1.1.0a,Active,fairy tale; party; theatrical,No,ShoesLowcutEggsky0,12459,cfFHEY8TX3qfsWXc5,0
slip-on loafers,Yellow,No,490,122,Yellow,White,1x1,,Able Sisters,Available from either Mable's temporary shop or Able Sisters shop,All Year,Yes,1.0.0,Simple,everyday; comfy,No,ShoesLowcutSlipon0,5566,72obQqFyftJiNYhSP,1
slip-on loafers,Red,No,490,122,Red,White,1x1,,Able Sisters,Available from either Mable's temporary shop or Able Sisters shop,All Year,No,1.0.0,Simple,everyday; comfy,No,ShoesLowcutSlipon1,6884,ZTxijqo9K5Kh4D888,1
slip-on loafers,Blue,No,490,122,Blue,White,1x1,,Able Sisters,Available from either Mable's temporary shop or Able Sisters shop,All Year,No,1.0.0,Simple,everyday; comfy,No,ShoesLowcutSlipon2,6885,HWaWPHrpsfMRPw9GS,1
slip-on loafers,Green,No,490,122,Green,White,1x1,,Able Sisters,Available from either Mable's temporary shop or Able Sisters shop,All Year,Yes,1.0.0,Simple,everyday; comfy,No,ShoesLowcutSlipon3,6889,CwnHY2c3C6oXDufr7,1
slip-on loafers,Black,No,490,122,Black,White,1x1,,Able Sisters,Available from either Mable's temporary shop or Able Sisters shop,All Year,Yes,1.0.0,Simple,everyday; comfy,No,ShoesLowcutSlipon4,6890,jyAseCiyNq9Zd9jKY,1
slip-on loafers,Light blue,No,490,122,Light blue,White,1x1,,Able Sisters,Available from either Mable's temporary shop or Able Sisters shop,All Year,No,1.0.0,Simple,everyday; comfy,No,ShoesLowcutSlipon5,10081,kS2gPazmLfKkpTp7L,1
slip-on loafers,White,No,490,122,White,White,1x1,,Able Sisters,Available from either Mable's temporary shop or Able Sisters shop,All Year,No,1.0.0,Simple,everyday; comfy,No,ShoesLowcutSlipon6,10082,evdWzeC43jXRiwusj,1
slip-on loafers,Beige,No,490,122,Beige,White,1x1,,Able Sisters,Available from either Mable's temporary shop or Able Sisters shop,All Year,No,1.0.0,Simple,everyday; comfy,No,ShoesLowcutSlipon7,10083,SAuKXG665PM22Mw7A,1
slip-on sandals,Light blue,No,560,140,Light blue,Light blue,1x1,,Able Sisters,Available from either Mable's temporary shop or Able Sisters shop,All Year,No,1.0.0,Active,comfy; vacation,No,ShoesSandalResin0,5565,bek7zCaZSfGbYQhnk,1
slip-on sandals,Lime,No,560,140,Yellow,Yellow,1x1,,Able Sisters,Available from either Mable's temporary shop or Able Sisters shop,All Year,No,1.0.0,Active,comfy; vacation,No,ShoesSandalResin1,10098,pxonyKAtPKaYnhH49,1
slip-on sandals,Black,No,560,140,Black,Black,1x1,,Able Sisters,Available from either Mable's temporary shop or Able Sisters shop,All Year,No,1.0.0,Active,comfy; vacation,No,ShoesSandalResin2,10099,2DKQL5YxfRBYfyoSJ,1
slip-on sandals,Pink,No,560,140,Pink,Pink,1x1,,Able Sisters,Available from either Mable's temporary shop or Able Sisters shop,All Year,No,1.0.0,Active,comfy; vacation,No,ShoesSandalResin3,10100,Fo7b3LxcBP9xWEKhv,1
slip-on sandals,Navy blue,No,560,140,Blue,Blue,1x1,,Able Sisters,Available from either Mable's temporary shop or Able Sisters shop,All Year,No,1.0.0,Active,comfy; vacation,No,ShoesSandalResin4,10101,CaWkjvoY5Cw4gcESj,1
slip-on sandals,Red,No,560,140,Red,Red,1x1,,Able Sisters,Available from either Mable's temporary shop or Able Sisters shop,All Year,No,1.0.0,Active,comfy; vacation,No,ShoesSandalResin5,10102,K4wdSdsbzS4hWayuW,1
slip-on sandals,Orange,No,560,140,Orange,Orange,1x1,,Able Sisters,Available from either Mable's temporary shop or Able Sisters shop,All Year,No,1.0.0,Active,comfy; vacation,No,ShoesSandalResin6,10103,5r2nWqrT9v5rAQWRA,1
slip-on sandals,Purple,No,560,140,Purple,Purple,1x1,,Able Sisters,Available from either Mable's temporary shop or Able Sisters shop,All Year,No,1.0.0,Active,comfy; vacation,No,ShoesSandalResin7,10104,Dbu4WoRkqf82e3HhD,1
slip-on school shoes,Red,No,350,87,Red,White,1x1,,Kicks,,All Year,No,1.0.0,Simple,everyday,No,ShoesLowcutSchool0,5473,AGAqPgkMwAgR4rP3d,1
slip-on school shoes,Blue,No,350,87,Blue,White,1x1,,Kicks,,All Year,No,1.0.0,Simple,everyday,No,ShoesLowcutSchool1,10980,u8BD7oMwRB7suh4f4,1
slip-on school shoes,Green,No,350,87,Green,White,1x1,,Kicks,,All Year,No,1.0.0,Simple,everyday,No,ShoesLowcutSchool2,10981,BDCciYtBdfLFZsTKK,1
slip-on school shoes,Yellow,No,350,87,Yellow,White,1x1,,Kicks,,All Year,No,1.0.0,Simple,everyday,No,ShoesLowcutSchool3,10982,REPBefCd7N79fexSs,1
slip-on school shoes,Pink,No,350,87,Pink,White,1x1,,Kicks,,All Year,No,1.0.0,Simple,everyday,No,ShoesLowcutSchool4,10983,TByGGPr6Kj48zSXzT,1
slippers,Gray,No,350,87,Gray,Gray,1x1,,Kicks,,All Year,No,1.0.0,Simple,everyday; comfy; vacation,No,ShoesLowcutSlipper0,5525,3w8MXDtDn4e56iX54,1
slippers,Black,No,350,87,Black,Black,1x1,,Kicks,,All Year,No,1.0.0,Simple,everyday; comfy; vacation,No,ShoesLowcutSlipper1,10084,ahkFhsQDxdmbmEae4,1
slippers,White,No,350,87,White,White,1x1,,Kicks,,All Year,No,1.0.0,Simple,everyday; comfy; vacation,No,ShoesLowcutSlipper2,10085,bpzqd39eBwbJssiHz,1
slippers,Pink,No,350,87,Pink,Pink,1x1,,Kicks,,All Year,No,1.0.0,Simple,everyday; comfy; vacation,No,ShoesLowcutSlipper3,10086,7XL3FwRuMpX8pPSXM,1
slippers,Green,No,350,87,Green,Green,1x1,,Kicks,,All Year,No,1.0.0,Simple,everyday; comfy; vacation,No,ShoesLowcutSlipper4,10087,YWYrqAtzzDkkBDF8c,1
slippers,Blue,No,350,87,Light blue,Light blue,1x1,,Kicks,,All Year,No,1.0.0,Simple,everyday; comfy; vacation,No,ShoesLowcutSlipper5,10088,HqAwM9tDz8fPfjaZr,1
slippers,Red,No,350,87,Red,Red,1x1,,Kicks,,All Year,No,1.0.0,Simple,everyday; comfy; vacation,No,ShoesLowcutSlipper6,10089,XmM5wAFrFkbtD9D2m,1
slippers,Yellow,No,350,87,Yellow,Yellow,1x1,,Kicks,,All Year,No,1.0.0,Simple,everyday; comfy; vacation,No,ShoesLowcutSlipper7,10090,ohaR7XgRkjjK7WrAj,1
space boots,White,No,4300,1075,White,White,1x1,,Kicks,,All Year,No,1.0.0,Active,fairy tale; work,No,ShoesKneeSpaceWhite,5760,wJ5GGhiCqRiGiyADm,1
sporty sandals,Red,No,1300,325,Red,Black,1x1,,Able Sisters,Available from Able Sisters shop only,All Year,No,1.0.0,Active,outdoorsy; comfy; sporty; vacation,No,ShoesSandalSports0,5824,dB9Zh49MxmTnhe2sT,1
sporty sandals,Olive,No,1300,325,Green,Black,1x1,,Able Sisters,Available from Able Sisters shop only,All Year,No,1.0.0,Active,outdoorsy; comfy; sporty; vacation,No,ShoesSandalSports1,10728,vvY85zikpeYg4Y2bh,1
sporty sandals,Blue,No,1300,325,Blue,Black,1x1,,Able Sisters,Available from Able Sisters shop only,All Year,No,1.0.0,Active,outdoorsy; comfy; sporty; vacation,No,ShoesSandalSports2,10729,fjn8jpqyKCATL5Zrj,1
sporty sandals,Purple,No,1300,325,Purple,Black,1x1,,Able Sisters,Available from Able Sisters shop only,All Year,No,1.0.0,Active,outdoorsy; comfy; sporty; vacation,No,ShoesSandalSports3,10730,NPRvY4itdRnthXiXb,1
sporty sandals,Green,No,1300,325,Green,Black,1x1,,Able Sisters,Available from Able Sisters shop only,All Year,Yes,1.0.0,Active,outdoorsy; comfy; sporty; vacation,No,ShoesSandalSports4,10731,DAkrAkhrWzoLCghmY,1
sporty sandals,Pink,No,1300,325,Pink,Black,1x1,,Able Sisters,Available from Able Sisters shop only,All Year,No,1.0.0,Active,outdoorsy; comfy; sporty; vacation,No,ShoesSandalSports5,10732,cFDQtHvQLzvDxXBmF,1
sporty sandals,Beige,No,1300,325,Beige,Black,1x1,,Able Sisters,Available from Able Sisters shop only,All Year,No,1.0.0,Active,outdoorsy; comfy; sporty; vacation,No,ShoesSandalSports6,10733,gHXQ5sakxYkDn3fAP,1
sporty sandals,Gray,No,1300,325,Light blue,Black,1x1,,Able Sisters,Available from Able Sisters shop only,All Year,No,1.0.0,Active,outdoorsy; comfy; sporty; vacation,No,ShoesSandalSports7,10734,FtBvM9FNfSW2YkvR4,1
steel-toed boots,Brown,No,2640,660,Brown,Brown,1x1,,Able Sisters,Available from either Mable's temporary shop or Able Sisters shop,All Year,Yes,1.0.0,Cool,everyday; work,No,ShoesKneeEngineerboots0,2593,hjin67297NyjQEihM,1
steel-toed boots,Beige,No,2640,660,Beige,Brown,1x1,,Able Sisters,Available from either Mable's temporary shop or Able Sisters shop,All Year,No,1.0.0,Cool,everyday; work,No,ShoesKneeEngineerboots1,11232,Nc8FzgrGXu7C7yw5c,1
steel-toed boots,Green,No,2640,660,Green,Brown,1x1,,Able Sisters,Available from either Mable's temporary shop or Able Sisters shop,All Year,No,1.0.0,Cool,everyday; work,No,ShoesKneeEngineerboots2,11233,8bdJLyFwFaLiPyBgM,1
steel-toed boots,Black,No,2640,660,Black,Gray,1x1,,Able Sisters,Available from either Mable's temporary shop or Able Sisters shop,All Year,No,1.0.0,Cool,everyday; work,No,ShoesKneeEngineerboots3,11234,JLqpaYbMxsMNeattz,1
steel-toed boots,Red,No,2640,660,Red,Brown,1x1,,Able Sisters,Available from either Mable's temporary shop or Able Sisters shop,All Year,Yes,1.0.0,Cool,everyday; work,No,ShoesKneeEngineerboots4,11235,AFT7LK6ZemaX5DpGb,1
steel-toed boots,Gray,No,2640,660,Gray,Brown,1x1,,Able Sisters,Available from either Mable's temporary shop or Able Sisters shop,All Year,No,1.0.0,Cool,everyday; work,No,ShoesKneeEngineerboots5,11236,QsKyMZv4z788odcXQ,1
stone-egg shoes,None,Yes,NFS,800,Orange,Brown,1x1,,Crafting,,All Year,No,1.1.0a,Active,fairy tale; party; theatrical,No,ShoesLowcutEggrock0,12456,iNjeDCdctCeLqyxjv,0
strappy heels,Red,No,1560,390,Red,Red,1x1,,Able Sisters,Available from Able Sisters shop only,All Year,No,1.0.0,Gorgeous,formal; party; theatrical,No,ShoesLowcutGlitter0,5561,bmvzeeTGHXiwdZJcg,1
strappy heels,Blue,No,1560,390,Blue,Blue,1x1,,Able Sisters,Available from Able Sisters shop only,All Year,No,1.0.0,Gorgeous,formal; party; theatrical,No,ShoesLowcutGlitter1,10142,A3oghyX4PgSMkZJef,1
strappy heels,Gold,No,1560,390,Orange,Orange,1x1,,Able Sisters,Available from Able Sisters shop only,All Year,No,1.0.0,Gorgeous,formal; party; theatrical,No,ShoesLowcutGlitter2,10143,KsqvFoouvtYt6KAYE,1
strappy heels,Silver,No,1560,390,Gray,Gray,1x1,,Able Sisters,Available from Able Sisters shop only,All Year,No,1.0.0,Gorgeous,formal; party; theatrical,No,ShoesLowcutGlitter3,10144,chbFMWwZyPPaqbkjg,1
strappy heels,Black,No,1560,390,Black,Black,1x1,,Able Sisters,Available from Able Sisters shop only,All Year,Yes,1.0.0,Gorgeous,formal; party; theatrical,No,ShoesLowcutGlitter4,10145,g2CG68ZjmWHrGRKjk,1
strappy heels,Pink,No,1560,390,Pink,Pink,1x1,,Able Sisters,Available from Able Sisters shop only,All Year,No,1.0.0,Gorgeous,formal; party; theatrical,No,ShoesLowcutGlitter5,10146,vqMwAq9ky8WxLKPG8,1
strappy heels,Green,No,1560,390,Green,Green,1x1,,Able Sisters,Available from Able Sisters shop only,All Year,No,1.0.0,Gorgeous,formal; party; theatrical,No,ShoesLowcutGlitter6,10147,BR6iENsuxdaGLEZam,1
strappy heels,Purple,No,1560,390,Purple,Purple,1x1,,Able Sisters,Available from Able Sisters shop only,All Year,No,1.0.0,Gorgeous,formal; party; theatrical,No,ShoesLowcutGlitter7,10148,E75eKo2LiRpEdp8bT,1
traditional flower shoes,Red,No,1800,450,Red,Blue,1x1,,Kicks,,All Year,No,1.0.0,Elegant,formal; party,No,ShoesLowcutGgotshin0,5622,p8rmo5DkHoGjSK5SA,1
traditional flower shoes,Pink,No,1800,450,Pink,White,1x1,,Kicks,,All Year,No,1.0.0,Elegant,formal; party,No,ShoesLowcutGgotshin1,10988,u3MShjWuHsM8H4jkv,1
traditional flower shoes,Blue,No,1800,450,Blue,Brown,1x1,,Kicks,,All Year,No,1.0.0,Elegant,formal; party,No,ShoesLowcutGgotshin2,10989,gP6Pc7r6PG9hrQHNK,1
traditional flower shoes,Yellow,No,1800,450,Yellow,Brown,1x1,,Kicks,,All Year,No,1.0.0,Elegant,formal; party,No,ShoesLowcutGgotshin3,10990,8jieRWyNTggC4jMrr,1
traditional flower shoes,Lime,No,1800,450,Yellow,Red,1x1,,Kicks,,All Year,No,1.0.0,Elegant,formal; party,No,ShoesLowcutGgotshin4,10991,cN9q9x2LaZYY8qv6F,1
trekking shoes,Orange,No,1500,375,Brown,Red,1x1,,Able Sisters,Available from either Mable's temporary shop or Able Sisters shop,All Year,Yes,1.0.0,Active,outdoorsy; sporty,No,ShoesHighcutTrekking0,5388,Qbk8zzBxRCSM2J5zJ,1
trekking shoes,Gray,No,1500,375,Black,Green,1x1,,Able Sisters,Available from either Mable's temporary shop or Able Sisters shop,All Year,No,1.0.0,Active,outdoorsy; sporty,No,ShoesHighcutTrekking1,11237,TkjSkJFhub7FjDuMC,1
trekking shoes,Black,No,1500,375,Black,Blue,1x1,,Able Sisters,Available from either Mable's temporary shop or Able Sisters shop,All Year,Yes,1.0.0,Active,outdoorsy; sporty,No,ShoesHighcutTrekking2,11238,sfQZCGCu4tTHfMpNt,1
trekking shoes,Light blue,No,1500,375,Light blue,Purple,1x1,,Able Sisters,Available from either Mable's temporary shop or Able Sisters shop,All Year,Yes,1.0.0,Active,outdoorsy; sporty,No,ShoesHighcutTrekking3,11239,embSAwtn69LDNFbAD,1
trekking shoes,Yellow,No,1500,375,Yellow,White,1x1,,Able Sisters,Available from either Mable's temporary shop or Able Sisters shop,All Year,No,1.0.0,Active,outdoorsy; sporty,No,ShoesHighcutTrekking4,11240,FmbcmRRcN58qYyLXu,1
trekking shoes,Purple,No,1500,375,Purple,Pink,1x1,,Able Sisters,Available from either Mable's temporary shop or Able Sisters shop,All Year,Yes,1.0.0,Active,outdoorsy; sporty,No,ShoesHighcutTrekking5,11241,aexteKPGADNrE9xfs,1
trekking shoes,White,No,1500,375,White,Green,1x1,,Able Sisters,Available from either Mable's temporary shop or Able Sisters shop,All Year,Yes,1.0.0,Active,outdoorsy; sporty,No,ShoesHighcutTrekking6,11242,Ywpc2D7NoK2qBxf6F,1
trekking shoes,Brown,No,1500,375,Brown,Beige,1x1,,Able Sisters,Available from either Mable's temporary shop or Able Sisters shop,All Year,Yes,1.0.0,Active,outdoorsy; sporty,No,ShoesHighcutTrekking7,11243,T3ZqLcjzTfxQdKYMw,1
velour boots,Ruby red,No,1920,480,Red,Black,1x1,,Able Sisters,Available from Able Sisters shop only,Winter,No,1.0.0,Elegant,everyday; party,No,ShoesKneeVelour0,4732,bb8zrf3uymyQcZ95R,1
velour boots,Gray,No,1920,480,Gray,Black,1x1,,Able Sisters,Available from Able Sisters shop only,Winter,No,1.0.0,Elegant,everyday; party,No,ShoesKneeVelour1,11675,tAmnjnqTjNDGCWarN,1
velour boots,Brown,No,1920,480,Brown,Black,1x1,,Able Sisters,Available from Able Sisters shop only,Winter,No,1.0.0,Elegant,everyday; party,No,ShoesKneeVelour2,11676,zhxznAbZgApqG5tsS,1
velour boots,Blue,No,1920,480,Blue,Black,1x1,,Able Sisters,Available from Able Sisters shop only,Winter,No,1.0.0,Elegant,everyday; party,No,ShoesKneeVelour3,11677,Zvqbb4TRJvGTvRRKa,1
velour boots,Mustard,No,1920,480,Yellow,Black,1x1,,Able Sisters,Available from Able Sisters shop only,Winter,No,1.0.0,Elegant,everyday; party,No,ShoesKneeVelour4,11678,FgLL99NEEz5piTwSu,1
vinyl round-toed pumps,Beige,No,1500,375,Beige,Beige,1x1,,Able Sisters,Available from Able Sisters shop only,All Year,Yes,1.0.0,Simple,everyday; fairy tale; formal; party; theatrical; work,No,ShoesLowcutEnamelpumps0,4723,RecSgePXKnagDi74R,1
vinyl round-toed pumps,Mint,No,1500,375,Light blue,Light blue,1x1,,Able Sisters,Available from Able Sisters shop only,All Year,Yes,1.0.0,Simple,everyday; fairy tale; formal; party; theatrical; work,No,ShoesLowcutEnamelpumps1,10116,St4Gybmqd2uS7cvwF,1
vinyl round-toed pumps,Brown,No,1500,375,Brown,Brown,1x1,,Able Sisters,Available from Able Sisters shop only,All Year,No,1.0.0,Simple,everyday; fairy tale; formal; party; theatrical; work,No,ShoesLowcutEnamelpumps2,10117,NZymvJ5oCBcmgXJ5t,1
vinyl round-toed pumps,Pink,No,1500,375,Pink,Pink,1x1,,Able Sisters,Available from Able Sisters shop only,All Year,Yes,1.0.0,Simple,everyday; fairy tale; formal; party; theatrical; work,No,ShoesLowcutEnamelpumps3,10118,dhcs3Lwx3oeiy4ngb,1
vinyl round-toed pumps,White,No,1500,375,White,White,1x1,,Able Sisters,Available from Able Sisters shop only,All Year,No,1.0.0,Simple,everyday; fairy tale; formal; party; theatrical; work,No,ShoesLowcutEnamelpumps4,10119,nTzMdQGrukqyBP8tk,1
vinyl round-toed pumps,Black,No,1500,375,Black,Black,1x1,,Able Sisters,Available from Able Sisters shop only,All Year,Yes,1.0.0,Simple,everyday; fairy tale; formal; party; theatrical; work,No,ShoesLowcutEnamelpumps5,10120,HG234xKCQ8jRhttM6,1
visual-punk boots,Black,No,2200,550,Black,Black,1x1,,Kicks,,All Year,No,1.0.0,Cool,party; theatrical; work,No,ShoesKneeVisualBlack,5609,hP4STomyv7jb7tKnT,1
walking shoes,Pink,No,560,140,Pink,Beige,1x1,,Able Sisters,Available from either Mable's temporary shop or Able Sisters shop,All Year,No,1.0.0,Simple,everyday; outdoorsy; sporty,No,ShoesLowcutHealth0,5775,sJbiGPfjohy3MRz9g,1
walking shoes,Beige,No,560,140,Beige,Beige,1x1,,Able Sisters,Available from either Mable's temporary shop or Able Sisters shop,All Year,No,1.0.0,Simple,everyday; outdoorsy; sporty,No,ShoesLowcutHealth1,10997,ZTWABEzco2pisNq3q,1
walking shoes,Red,No,560,140,Red,Beige,1x1,,Able Sisters,Available from either Mable's temporary shop or Able Sisters shop,All Year,Yes,1.0.0,Simple,everyday; outdoorsy; sporty,No,ShoesLowcutHealth2,10998,KWAceiwcGzkfNab4o,1
water sandals,Pink,No,1040,260,Pink,Pink,1x1,,Able Sisters,Available from either Mable's temporary shop or Able Sisters shop,Summer,Yes,1.0.0,Cute,outdoorsy; comfy; vacation,No,ShoesSandalAqua0,5652,G7gjqcTKEpcbbNKJS,1
water sandals,Navy blue,No,1040,260,Blue,Blue,1x1,,Able Sisters,Available from either Mable's temporary shop or Able Sisters shop,Summer,Yes,1.0.0,Cute,outdoorsy; comfy; vacation,No,ShoesSandalAqua1,10714,xZGwaMKKzuwBZifue,1
water sandals,Red,No,1040,260,Red,Red,1x1,,Able Sisters,Available from either Mable's temporary shop or Able Sisters shop,Summer,No,1.0.0,Cute,outdoorsy; comfy; vacation,No,ShoesSandalAqua2,10715,zE2ydSF3h8ZEQDoN6,1
water sandals,Light blue,No,1040,260,Light blue,Light blue,1x1,,Able Sisters,Available from either Mable's temporary shop or Able Sisters shop,Summer,No,1.0.0,Cute,outdoorsy; comfy; vacation,No,ShoesSandalAqua3,10716,ThthTKiHz8qWwHmAc,1
water sandals,Orange,No,1040,260,Orange,Orange,1x1,,Able Sisters,Available from either Mable's temporary shop or Able Sisters shop,Summer,No,1.0.0,Cute,outdoorsy; comfy; vacation,No,ShoesSandalAqua4,10717,SKnxks78Mbearkot6,1
water sandals,Purple,No,1040,260,Purple,Purple,1x1,,Able Sisters,Available from either Mable's temporary shop or Able Sisters shop,Summer,No,1.0.0,Cute,outdoorsy; comfy; vacation,No,ShoesSandalAqua5,10718,eCfe52j6KebvShSxF,1
water sandals,Green,No,1040,260,Green,Green,1x1,,Able Sisters,Available from either Mable's temporary shop or Able Sisters shop,Summer,No,1.0.0,Cute,outdoorsy; comfy; vacation,No,ShoesSandalAqua6,10719,2pc8Ywv9ZgxzpfcCN,1
water sandals,Yellow,No,1040,260,Yellow,Yellow,1x1,,Able Sisters,Available from either Mable's temporary shop or Able Sisters shop,Summer,No,1.0.0,Cute,outdoorsy; comfy; vacation,No,ShoesSandalAqua7,10720,vkYy5oFc353orgyxa,1
water shoes,Pink,No,900,225,Pink,Black,1x1,,Able Sisters,Available from either Mable's temporary shop or Able Sisters shop,All Year,No,1.0.0,Active,outdoorsy; sporty; vacation,No,ShoesLowcutMarine0,5808,b3hXNNAFjYXNfYDNq,1
water shoes,Light blue,No,900,225,Light blue,Black,1x1,,Able Sisters,Available from either Mable's temporary shop or Able Sisters shop,All Year,No,1.0.0,Active,outdoorsy; sporty; vacation,No,ShoesLowcutMarine1,10177,ur4D7j8TfzytpkBRr,1
water shoes,Orange,No,900,225,Orange,Black,1x1,,Able Sisters,Available from either Mable's temporary shop or Able Sisters shop,All Year,No,1.0.0,Active,outdoorsy; sporty; vacation,No,ShoesLowcutMarine2,10271,vwQp84gqxvqxSGHpB,1
water shoes,Green,No,900,225,Green,Black,1x1,,Able Sisters,Available from either Mable's temporary shop or Able Sisters shop,All Year,No,1.0.0,Active,outdoorsy; sporty; vacation,No,ShoesLowcutMarine3,10272,k5X6gHQcJWkWB8ZAi,1
water shoes,Navy blue,No,900,225,Blue,Black,1x1,,Able Sisters,Available from either Mable's temporary shop or Able Sisters shop,All Year,No,1.0.0,Active,outdoorsy; sporty; vacation,No,ShoesLowcutMarine4,10273,JXymcRAWNMbDogEPA,1
water shoes,Yellow,No,900,225,Yellow,Black,1x1,,Able Sisters,Available from either Mable's temporary shop or Able Sisters shop,All Year,No,1.0.0,Active,outdoorsy; sporty; vacation,No,ShoesLowcutMarine5,10274,r9y8YdqpCCSFymCJx,1
water shoes,Red,No,900,225,Red,Black,1x1,,Able Sisters,Available from either Mable's temporary shop or Able Sisters shop,All Year,No,1.0.0,Active,outdoorsy; sporty; vacation,No,ShoesLowcutMarine6,10275,5Mt6LsY5NwhrwC8Ro,1
water shoes,Black,No,900,225,Gray,Black,1x1,,Able Sisters,Available from either Mable's temporary shop or Able Sisters shop,All Year,No,1.0.0,Active,outdoorsy; sporty; vacation,No,ShoesLowcutMarine7,10276,TZMXjppMESwhT2hZt,1
water-egg shoes,None,Yes,NFS,800,Light blue,Red,1x1,,Crafting,,All Year,No,1.1.0a,Active,fairy tale; party; theatrical,No,ShoesLowcutEggfish0,12460,CT5SYnidy4tF7xneW,0
wedding pumps,,No,3000,750,White,White,1x1,,Wedding Season,,All Year,No,1.2.0,Elegant,fairy tale; formal; theatrical,No,ShoesLowcutJunepumps0,12495,ZXMfkX6hWrb3Bf4cJ,0
wedding shoes,,No,3000,750,White,White,1x1,,Wedding Season,,All Year,No,1.2.0,Elegant,fairy tale; formal; theatrical,No,ShoesLowcutJuneshoes0,12496,j2RAxuwc7BvaMTicF,0
wingtip shoes,Black & white,No,900,225,Black,White,1x1,,Able Sisters,Available from Able Sisters shop only,All Year,Yes,1.0.0,Elegant,everyday; formal; party; theatrical; work,No,ShoesLowcutWing0,5809,DjWLRAQtGePadCqZu,1
wingtip shoes,Brown,No,900,225,Brown,White,1x1,,Able Sisters,Available from Able Sisters shop only,All Year,Yes,1.0.0,Elegant,everyday; formal; party; theatrical; work,No,ShoesLowcutWing1,11471,eXgKY3DCBPmo7eJ5y,1
wingtip shoes,Greige,No,900,225,Gray,White,1x1,,Able Sisters,Available from Able Sisters shop only,All Year,Yes,1.0.0,Elegant,everyday; formal; party; theatrical; work,No,ShoesLowcutWing2,11472,P69MLRkggjw9LcDbY,1
wingtip shoes,Green,No,900,225,Green,Green,1x1,,Able Sisters,Available from Able Sisters shop only,All Year,No,1.0.0,Elegant,everyday; formal; party; theatrical; work,No,ShoesLowcutWing3,11473,875an6cBm4fer5mt9,1
wingtip shoes,Gray,No,900,225,Gray,Gray,1x1,,Able Sisters,Available from Able Sisters shop only,All Year,No,1.0.0,Elegant,everyday; formal; party; theatrical; work,No,ShoesLowcutWing4,11474,7iADtoNeh8krcW6YN,1
wingtip shoes,Berry red,No,900,225,Red,Red,1x1,,Able Sisters,Available from Able Sisters shop only,All Year,No,1.0.0,Elegant,everyday; formal; party; theatrical; work,No,ShoesLowcutWing5,11475,zcGqNXjwrSPCmaadF,1
wingtip shoes,Black,No,900,225,Black,Black,1x1,,Able Sisters,Available from Able Sisters shop only,All Year,Yes,1.0.0,Elegant,everyday; formal; party; theatrical; work,No,ShoesLowcutWing6,11476,9jhqxdBvQusYccJdf,1
winklepickers,Red,No,910,227,Red,Black,1x1,,Able Sisters,Available from Able Sisters shop only,All Year,No,1.0.0,Cool,party; theatrical; work,No,ShoesLowcutPointedtoe0,5655,HSHgP2d5LZSoGynWh,1
winklepickers,White,No,910,227,White,Black,1x1,,Able Sisters,Available from Able Sisters shop only,All Year,No,1.0.0,Cool,party; theatrical; work,No,ShoesLowcutPointedtoe1,11462,xTXhymN8bhf3HnQJE,1
winklepickers,Black,No,910,227,Black,Black,1x1,,Able Sisters,Available from Able Sisters shop only,All Year,Yes,1.0.0,Cool,party; theatrical; work,No,ShoesLowcutPointedtoe2,11463,QPCwCrLDkHPGKeDLY,1
winklepickers,Blue,No,910,227,Blue,Black,1x1,,Able Sisters,Available from Able Sisters shop only,All Year,No,1.0.0,Cool,party; theatrical; work,No,ShoesLowcutPointedtoe3,11464,ag3yY4kAomB56hxtW,1
wood-egg shoes,None,Yes,NFS,800,Purple,Beige,1x1,,Crafting,,All Year,No,1.1.0a,Active,fairy tale; party; theatrical,No,ShoesLowcutEggforest0,12458,8ZgL3dbCk7dXrNite,0
wooden clogs,Yellow,No,1300,325,Yellow,Red,1x1,,Kicks,,All Year,No,1.0.0,Elegant,everyday,No,ShoesLowcutClog0,5618,eupdqegxsCMDRLsAv,1
wooden clogs,Blue,No,1300,325,Blue,Pink,1x1,,Kicks,,All Year,No,1.0.0,Elegant,everyday,No,ShoesLowcutClog1,10984,LmNCSiQxwsPrRqNc2,1
wooden clogs,Red,No,1300,325,Red,Yellow,1x1,,Kicks,,All Year,No,1.0.0,Elegant,everyday,No,ShoesLowcutClog2,10985,brPp9ECXpN3EfhFPY,1
wooden clogs,Green,No,1300,325,Green,Red,1x1,,Kicks,,All Year,No,1.0.0,Elegant,everyday,No,ShoesLowcutClog3,10986,96LeQLuLdHgEXyhSh,1
wooden clogs,Brown,No,1300,325,Brown,Orange,1x1,,Kicks,,All Year,No,1.0.0,Elegant,everyday,No,ShoesLowcutClog4,10987,TjifkBrTMro68JHrf,1
work boots,Red,No,1920,480,Red,Black,1x1,,Able Sisters,Available from either Mable's temporary shop or Able Sisters shop,All Year,No,1.0.0,Cool,outdoorsy; theatrical; work,No,ShoesHighcutWorkboots0,5541,JC86Q4fvPqrg6xzTT,1
work boots,Purple,No,1920,480,Purple,Black,1x1,,Able Sisters,Available from either Mable's temporary shop or Able Sisters shop,All Year,No,1.0.0,Cool,outdoorsy; theatrical; work,No,ShoesHighcutWorkboots1,11244,t74L3o98zyuxzwB4d,1
work boots,Pink,No,1920,480,Pink,Black,1x1,,Able Sisters,Available from either Mable's temporary shop or Able Sisters shop,All Year,No,1.0.0,Cool,outdoorsy; theatrical; work,No,ShoesHighcutWorkboots2,11245,jk3ExmQodg8c84doE,1
work boots,Yellow,No,1920,480,Yellow,Black,1x1,,Able Sisters,Available from either Mable's temporary shop or Able Sisters shop,All Year,No,1.0.0,Cool,outdoorsy; theatrical; work,No,ShoesHighcutWorkboots3,11246,amC72rwkxxLrYy5vv,1
work boots,White,No,1920,480,White,Black,1x1,,Able Sisters,Available from either Mable's temporary shop or Able Sisters shop,All Year,Yes,1.0.0,Cool,outdoorsy; theatrical; work,No,ShoesHighcutWorkboots4,11247,5m2NP7dcLbtght3Zq,1
work boots,Blue,No,1920,480,Blue,Black,1x1,,Able Sisters,Available from either Mable's temporary shop or Able Sisters shop,All Year,No,1.0.0,Cool,outdoorsy; theatrical; work,No,ShoesHighcutWorkboots5,11248,HWEKSWZAjZJdbfxvr,1
work boots,Green,No,1920,480,Green,Black,1x1,,Able Sisters,Available from either Mable's temporary shop or Able Sisters shop,All Year,No,1.0.0,Cool,outdoorsy; theatrical; work,No,ShoesHighcutWorkboots6,11249,CxP7jSJTTyeYwyBQs,1
work boots,Gray,No,1920,480,Gray,Black,1x1,,Able Sisters,Available from either Mable's temporary shop or Able Sisters shop,All Year,Yes,1.0.0,Cool,outdoorsy; theatrical; work,No,ShoesHighcutWorkboots7,11250,7CcCC33Hs28yeZsE4,1
wrestling shoes,Red,No,1080,270,Red,White,1x1,,Kicks,,All Year,No,1.0.0,Active,sporty; work,No,ShoesKneeRing0,5668,yAfdmgXZ2jHaPGwdC,1
wrestling shoes,Blue,No,1080,270,Blue,White,1x1,,Kicks,,All Year,No,1.0.0,Active,sporty; work,No,ShoesKneeRing1,10256,soxSEJioRf2gpa3Sz,1
wrestling shoes,Green,No,1080,270,Green,White,1x1,,Kicks,,All Year,No,1.0.0,Active,sporty; work,No,ShoesKneeRing2,10257,5aADX4xErrreMqNLc,1
wrestling shoes,Pink,No,1080,270,Pink,White,1x1,,Kicks,,All Year,No,1.0.0,Active,sporty; work,No,ShoesKneeRing3,10258,DibQyHP3eMLwvLuoj,1
wrestling shoes,Black,No,1080,270,Black,White,1x1,,Kicks,,All Year,No,1.0.0,Active,sporty; work,No,ShoesKneeRing4,10259,AH4NE2FJGLZC8gMtg,1
wrestling shoes,Yellow,No,1080,270,Yellow,White,1x1,,Kicks,,All Year,No,1.0.0,Active,sporty; work,No,ShoesKneeRing5,10260,FfBwW5d5L8tzyW6Dj,1
zap boots,White,No,2640,660,White,Red,1x1,,Kicks,,All Year,No,1.0.0,Active,fairy tale; theatrical; work,No,ShoesKneeHeroWhite,5624,8rjzx96Avdzbq7hFv,1
zori,Black,No,4300,1075,Red,Black,1x1,,Able Sisters,Available from Able Sisters shop only,All Year,No,1.0.0,Elegant,everyday; formal; party,No,ShoesSandalZori0,4734,3R4cnGLLNWRcKDekf,1
zori,Gold,No,4300,1075,Yellow,Yellow,1x1,,Able Sisters,Available from Able Sisters shop only,All Year,No,1.0.0,Elegant,everyday; formal; party,No,ShoesSandalZori1,10969,FQetz9ANMJo6q6YMd,1
zori,Pink,No,4300,1075,Pink,Pink,1x1,,Able Sisters,Available from Able Sisters shop only,All Year,Yes,1.0.0,Elegant,everyday; formal; party,No,ShoesSandalZori2,10970,3bC5rzWARy28xor2p,1
zori,Light pink,No,4300,1075,Pink,Beige,1x1,,Able Sisters,Available from Able Sisters shop only,All Year,No,1.0.0,Elegant,everyday; formal; party,No,ShoesSandalZori3,10971,svEPR34GPmYRCe5kz,1
zori,Green,No,4300,1075,Green,Green,1x1,,Able Sisters,Available from Able Sisters shop only,All Year,No,1.0.0,Elegant,everyday; formal; party,No,ShoesSandalZori4,10972,8ZYLPLudoxHWSBzEh,1
zori,White,No,4300,1075,Black,White,1x1,,Able Sisters,Available from Able Sisters shop only,All Year,No,1.0.0,Elegant,everyday; formal; party,No,ShoesSandalZori5,10973,6w73ZozNHuWqmAfKj,1
zori,Aqua,No,4300,1075,White,Light blue,1x1,,Able Sisters,Available from Able Sisters shop only,All Year,No,1.0.0,Elegant,everyday; formal; party,No,ShoesSandalZori6,10974,zTMWqRabE8s4dFwn4,1
zori,Red,No,4300,1075,Yellow,Red,1x1,,Able Sisters,Available from Able Sisters shop only,All Year,No,1.0.0,Elegant,everyday; formal; party,No,ShoesSandalZori7,10975,yYoSq8oCcAp8wFLTz,1
