Name,Variation,DIY,Buy,Sell,Color 1,Color 2,Size,Miles Price,Source,Source Notes,Seasonal Availability,Mannequin Piece,Version,Style,Label Themes,Villager Equippable,Filename,Internal ID,Unique Entry ID,Purchasable
aerobics leggings,Red & pink,No,700,175,Pink,Red,1x1,,Kicks,,All Year,No,1.0.0,Active,sporty,No,SocksTexAerobics0,5197,Smui8G3P6D8WgqK9G,1
aerobics leggings,Emerald & lime,No,700,175,Green,Light blue,1x1,,Kicks,,All Year,No,1.0.0,Active,sporty,No,SocksTexAerobics1,9794,eZKx89GvGsXcSDiMk,1
aerobics leggings,Purple & orange,No,700,175,Orange,Purple,1x1,,Kicks,,All Year,No,1.0.0,Active,sporty,No,SocksTexAerobics2,9795,jWvfpeefbhQpHQFoM,1
aerobics leggings,Light blue & salmon pink,No,700,175,Pink,Light blue,1x1,,Kicks,,All Year,No,1.0.0,Active,sporty,No,SocksTexAerobics3,9796,nYBBFZjyvYjTSN4fD,1
aerobics leggings,Yellow & blue,No,700,175,Blue,Yellow,1x1,,Kicks,,All Year,No,1.0.0,Active,sporty,No,SocksTexAerobics4,9797,gYqiyt5aP9KjqNnXQ,1
Aran-knit socks,Beige,No,720,180,Beige,Beige,1x1,,Able Sisters,Available from either Mable's temporary shop or Able Sisters shop,Winter,No,1.0.0,Simple,everyday; comfy,No,SocksTexAlan0,4742,stTCJiLMdhmZ2ztyw,1
Aran-knit socks,White,No,720,180,White,White,1x1,,Able Sisters,Available from either Mable's temporary shop or Able Sisters shop,Winter,No,1.0.0,Simple,everyday; comfy,No,SocksTexAlan1,9058,XX9wX5KzyENyLGa5e,1
Aran-knit socks,Red,No,720,180,Red,Red,1x1,,Able Sisters,Available from either Mable's temporary shop or Able Sisters shop,Winter,No,1.0.0,Simple,everyday; comfy,No,SocksTexAlan2,9059,7xkmotJQfLFN6Rohx,1
Aran-knit socks,Green,No,720,180,Green,Green,1x1,,Able Sisters,Available from either Mable's temporary shop or Able Sisters shop,Winter,No,1.0.0,Simple,everyday; comfy,No,SocksTexAlan3,9060,NH6u8astq42zMebAa,1
Aran-knit socks,Blue,No,720,180,Blue,Blue,1x1,,Able Sisters,Available from either Mable's temporary shop or Able Sisters shop,Winter,No,1.0.0,Simple,everyday; comfy,No,SocksTexAlan4,9061,Gardfqrryv6SLZSQB,1
Aran-knit socks,Black,No,720,180,Black,Black,1x1,,Able Sisters,Available from either Mable's temporary shop or Able Sisters shop,Winter,No,1.0.0,Simple,everyday; comfy,No,SocksTexAlan5,9062,pLZq39rKg8rn454r4,1
argyle crew socks,Blue,No,720,180,Blue,Light blue,1x1,,Able Sisters,Available from Able Sisters shop only,All Year,No,1.0.0,Elegant,everyday; formal; work,No,SocksTexArgyle0,5806,QyJBC6G3E7dzXidaW,1
argyle crew socks,Red,No,720,180,Red,White,1x1,,Able Sisters,Available from Able Sisters shop only,All Year,No,1.0.0,Elegant,everyday; formal; work,No,SocksTexArgyle1,9921,9MeYsgc2wAGCmj4mC,1
argyle crew socks,Green,No,720,180,Green,Yellow,1x1,,Able Sisters,Available from Able Sisters shop only,All Year,No,1.0.0,Elegant,everyday; formal; work,No,SocksTexArgyle2,9922,dm4YEXfYftcwG3NB8,1
argyle crew socks,Beige,No,720,180,Beige,Brown,1x1,,Able Sisters,Available from Able Sisters shop only,All Year,No,1.0.0,Elegant,everyday; formal; work,No,SocksTexArgyle3,9923,KrrN2AHTcePZaMyMo,1
argyle crew socks,Gray,No,720,180,Gray,Pink,1x1,,Able Sisters,Available from Able Sisters shop only,All Year,No,1.0.0,Elegant,everyday; formal; work,No,SocksTexArgyle4,9924,2LSJz8d2eCLmuyiMg,1
argyle crew socks,White,No,720,180,White,Red,1x1,,Able Sisters,Available from Able Sisters shop only,All Year,No,1.0.0,Elegant,everyday; formal; work,No,SocksTexArgyle5,9925,dT8t2ZMFSfktJkoDd,1
argyle crew socks,Orange,No,720,180,Orange,White,1x1,,Able Sisters,Available from Able Sisters shop only,All Year,No,1.0.0,Elegant,everyday; formal; work,No,SocksTexArgyle6,9926,CyRT5FdBTnic9cYrF,1
argyle crew socks,Pink,No,720,180,Pink,White,1x1,,Able Sisters,Available from Able Sisters shop only,All Year,No,1.0.0,Elegant,everyday; formal; work,No,SocksTexArgyle7,9927,9Gibgt5gRyngn6EuR,1
back-bow socks,Pink,No,600,150,Pink,Black,1x1,,Kicks,,Spring,No,1.0.0,Cute,everyday; fairy tale; party; vacation,No,SocksTexRibbon0,4718,SerX2gLYQTKxmFi7W,1
back-bow socks,Yellow,No,600,150,Yellow,Green,1x1,,Kicks,,Spring,No,1.0.0,Cute,everyday; fairy tale; party; vacation,No,SocksTexRibbon1,9053,KE3idPQwqM2kvbNFw,1
back-bow socks,Black,No,600,150,Black,White,1x1,,Kicks,,Spring,No,1.0.0,Cute,everyday; fairy tale; party; vacation,No,SocksTexRibbon2,9054,NbaHgge5Zf54Y6dQT,1
back-bow socks,White,No,600,150,White,Pink,1x1,,Kicks,,Spring,No,1.0.0,Cute,everyday; fairy tale; party; vacation,No,SocksTexRibbon3,9055,NXYXEomdp3yqkafZ7,1
back-bow socks,Blue,No,600,150,Light blue,Yellow,1x1,,Kicks,,Spring,No,1.0.0,Cute,everyday; fairy tale; party; vacation,No,SocksTexRibbon4,9056,ZuzCi6zDF9G9Swfci,1
back-bow socks,Peacock blue,No,600,150,Green,Pink,1x1,,Kicks,,Spring,No,1.0.0,Cute,everyday; fairy tale; party; vacation,No,SocksTexRibbon5,9057,ju47pefTtHj739pAr,1
bobby socks,White,No,480,120,White,White,1x1,,Able Sisters,Available from either Mable's temporary shop or Able Sisters shop,All Year,Yes,1.0.0,Elegant,formal; work,No,SocksTexFolded0,5171,aL52HPePkC84gPQup,1
bobby socks,Gray,No,480,120,Gray,Gray,1x1,,Able Sisters,Available from either Mable's temporary shop or Able Sisters shop,All Year,No,1.0.0,Elegant,formal; work,No,SocksTexFolded1,10017,a9aLEHyXSdpHqYLm8,1
bobby socks,Black,No,480,120,Black,Black,1x1,,Able Sisters,Available from either Mable's temporary shop or Able Sisters shop,All Year,No,1.0.0,Elegant,formal; work,No,SocksTexFolded2,10018,iby3kB32wD5rkxYod,1
bobby socks,Brown,No,480,120,Brown,Brown,1x1,,Able Sisters,Available from either Mable's temporary shop or Able Sisters shop,All Year,No,1.0.0,Elegant,formal; work,No,SocksTexFolded3,10019,ZH9uTJSirjyNrH3Qw,1
color-blocked socks,Purple,No,840,210,Purple,Colorful,1x1,,Kicks,,All Year,No,1.0.0,Cute,everyday,No,SocksTexMultiblock0,5180,5nRBXNdkdjyAjs5RQ,1
color-blocked socks,Green,No,840,210,Green,Colorful,1x1,,Kicks,,All Year,No,1.0.0,Cute,everyday,No,SocksTexMultiblock1,9895,gSZ3co7FeNLM2DqmZ,1
color-blocked socks,Brown,No,840,210,Brown,Colorful,1x1,,Kicks,,All Year,No,1.0.0,Cute,everyday,No,SocksTexMultiblock2,9896,tTwmQJF35W2CdDRNL,1
color-blocked socks,Blue,No,840,210,Blue,Colorful,1x1,,Kicks,,All Year,No,1.0.0,Cute,everyday,No,SocksTexMultiblock3,9897,EKGnqpYcYK5KDre8R,1
color-blocked socks,Beige,No,840,210,Beige,Colorful,1x1,,Kicks,,All Year,No,1.0.0,Cute,everyday,No,SocksTexMultiblock4,9898,tkbYFgGoKnqAJZ49K,1
color-blocked socks,White,No,840,210,White,Colorful,1x1,,Kicks,,All Year,No,1.0.0,Cute,everyday,No,SocksTexMultiblock5,9899,bxt6nkbfnX6KEKifX,1
color-blocked socks,Lime,No,840,210,Green,Colorful,1x1,,Kicks,,All Year,No,1.0.0,Cute,everyday,No,SocksTexMultiblock6,9900,jDEgNFRCGWgFw5hNq,1
color-blocked socks,Pink,No,840,210,Pink,Colorful,1x1,,Kicks,,All Year,No,1.0.0,Cute,everyday,No,SocksTexMultiblock7,9901,3Y9LcSKLMJbT5YJfH,1
compression tights,Blue,No,600,150,Black,Blue,1x1,,Kicks,,All Year,No,1.0.0,Active,outdoorsy; sporty; work,No,SocksTexCompression0,5170,Fc8uttzc2hwQM7RKw,1
compression tights,Yellow,No,600,150,Black,Yellow,1x1,,Kicks,,All Year,No,1.0.0,Active,outdoorsy; sporty; work,No,SocksTexCompression1,9790,otHYAzdH3cf86yKEo,1
compression tights,Pink,No,600,150,Black,Pink,1x1,,Kicks,,All Year,No,1.0.0,Active,outdoorsy; sporty; work,No,SocksTexCompression2,9791,SsdRjyHarAqc72Kmv,1
compression tights,Mint,No,600,150,Black,Green,1x1,,Kicks,,All Year,No,1.0.0,Active,outdoorsy; sporty; work,No,SocksTexCompression3,9792,j6AcTLGBGdk9xgThP,1
compression tights,Red,No,600,150,Black,Red,1x1,,Kicks,,All Year,No,1.0.0,Active,outdoorsy; sporty; work,No,SocksTexCompression4,9793,qrFTn5ab3j4nHqzwd,1
country socks,Red ribbons,No,720,180,White,Red,1x1,,Able Sisters,Available from Able Sisters shop only,All Year,No,1.0.0,Elegant,formal; work,No,SocksTexCountry0,6044,wgBZqqpZomaTLZhcz,1
country socks,Green ribbons,No,720,180,White,Green,1x1,,Able Sisters,Available from Able Sisters shop only,All Year,No,1.0.0,Elegant,formal; work,No,SocksTexCountry1,8942,RWpifRdqLmYQL5dGf,1
country socks,Blue ribbons,No,720,180,White,Blue,1x1,,Able Sisters,Available from Able Sisters shop only,All Year,No,1.0.0,Elegant,formal; work,No,SocksTexCountry2,8943,mDTdqvPWaESchMEGe,1
country socks,Black ribbons,No,720,180,White,Black,1x1,,Able Sisters,Available from Able Sisters shop only,All Year,No,1.0.0,Elegant,formal; work,No,SocksTexCountry3,8944,ptJF3tBrJxAYRLT5T,1
crocheted socks,Beige,No,600,150,Beige,Beige,1x1,,Able Sisters,Available from either Mable's temporary shop or Able Sisters shop,All Year,No,1.0.0,Elegant,everyday; comfy,No,SocksTexCrocheting0,5202,phkn7YMAHEZZFyC3L,1
crocheted socks,Gray,No,600,150,Gray,Gray,1x1,,Able Sisters,Available from either Mable's temporary shop or Able Sisters shop,All Year,No,1.0.0,Elegant,everyday; comfy,No,SocksTexCrocheting1,8939,mopfLb9yhXEj9qXS2,1
crocheted socks,Purple,No,600,150,Pink,Pink,1x1,,Able Sisters,Available from either Mable's temporary shop or Able Sisters shop,All Year,No,1.0.0,Elegant,everyday; comfy,No,SocksTexCrocheting2,8940,PT7ZGkfTfkvtkBmJx,1
crocheted socks,Blue,No,600,150,Light blue,Light blue,1x1,,Able Sisters,Available from either Mable's temporary shop or Able Sisters shop,All Year,No,1.0.0,Elegant,everyday; comfy,No,SocksTexCrocheting3,8941,k8aPtaZcFrRZwZvD6,1
denim leggings,Blue,No,540,135,Blue,Blue,1x1,,Able Sisters,Available from either Mable's temporary shop or Able Sisters shop,All Year,No,1.0.0,Simple,everyday; outdoorsy; sporty,No,SocksTexDenimleggings0,4745,3FSnfcpAYm5Fjbctc,1
denim leggings,Indigo blue,No,540,135,Blue,Blue,1x1,,Able Sisters,Available from either Mable's temporary shop or Able Sisters shop,All Year,Yes,1.0.0,Simple,everyday; outdoorsy; sporty,No,SocksTexDenimleggings1,9782,zX9ge6E48pkgAtvJG,1
denim leggings,Saxon blue,No,540,135,Light blue,Light blue,1x1,,Able Sisters,Available from either Mable's temporary shop or Able Sisters shop,All Year,No,1.0.0,Simple,everyday; outdoorsy; sporty,No,SocksTexDenimleggings2,9783,z4ygu9Huw9NGZBeYZ,1
denim leggings,Light blue,No,540,135,Light blue,Light blue,1x1,,Able Sisters,Available from either Mable's temporary shop or Able Sisters shop,All Year,No,1.0.0,Simple,everyday; outdoorsy; sporty,No,SocksTexDenimleggings3,9784,kJjSEP42iYeHw2XTP,1
dotted knee-high socks,Black,No,720,180,Black,Black,1x1,,Able Sisters,Available from Able Sisters shop only,All Year,Yes,1.0.0,Cute,everyday,No,SocksTexDotknee0,12174,NvX65fPWJDEAJdBh8,1
dotted knee-high socks,Yellow,No,720,180,Yellow,Yellow,1x1,,Able Sisters,Available from Able Sisters shop only,All Year,No,1.0.0,Cute,everyday,No,SocksTexDotknee1,12179,2yn8c76aCod8W6H9t,1
dotted knee-high socks,Cyan,No,720,180,Green,Green,1x1,,Able Sisters,Available from Able Sisters shop only,All Year,No,1.0.0,Cute,everyday,No,SocksTexDotknee2,12180,Kvp83zH2Qcp6XeJro,1
dotted knee-high socks,Gray,No,720,180,Gray,Gray,1x1,,Able Sisters,Available from Able Sisters shop only,All Year,Yes,1.0.0,Cute,everyday,No,SocksTexDotknee3,12181,wJw3R2v2MKdSepbvE,1
embroidered-flower tights,Brown,No,1000,250,Brown,Red,1x1,,Able Sisters,Available from Able Sisters shop only,All Year,No,1.0.0,Cute,everyday; fairy tale; party,No,SocksTexEmbroidery0,5204,qAsvxHbnuC6DDNZjG,1
embroidered-flower tights,Black,No,1000,250,Black,White,1x1,,Able Sisters,Available from Able Sisters shop only,All Year,No,1.0.0,Cute,everyday; fairy tale; party,No,SocksTexEmbroidery1,9907,SiWtz8aTYoK75JfRz,1
embroidered-flower tights,Green,No,1000,250,Green,Yellow,1x1,,Able Sisters,Available from Able Sisters shop only,All Year,No,1.0.0,Cute,everyday; fairy tale; party,No,SocksTexEmbroidery2,9908,jPQA8CohQNBhSwsiq,1
embroidered-flower tights,Beige,No,1000,250,Beige,Red,1x1,,Able Sisters,Available from Able Sisters shop only,All Year,No,1.0.0,Cute,everyday; fairy tale; party,No,SocksTexEmbroidery3,9909,fwcHa7FkHcm4BZdYP,1
embroidered-flower tights,Blue,No,1000,250,Blue,Orange,1x1,,Able Sisters,Available from Able Sisters shop only,All Year,No,1.0.0,Cute,everyday; fairy tale; party,No,SocksTexEmbroidery4,9910,fmZu6dNagF4XW6rvd,1
embroidered-flower tights,Purple,No,1000,250,Purple,Pink,1x1,,Able Sisters,Available from Able Sisters shop only,All Year,No,1.0.0,Cute,everyday; fairy tale; party,No,SocksTexEmbroidery5,9911,iivtbk5pG2i2asvBC,1
everyday socks,Brown,No,600,150,Brown,Brown,1x1,,Able Sisters,Available from either Mable's temporary shop or Able Sisters shop,All Year,No,1.0.0,Simple,everyday; work,No,SocksTexDailysocks0,9645,7NubAsby6JGtDjkQE,1
everyday socks,Black,No,600,150,Black,Black,1x1,,Able Sisters,Available from either Mable's temporary shop or Able Sisters shop,All Year,No,1.0.0,Simple,everyday; work,No,SocksTexDailysocks1,10034,Pe45hBHF5EJnYr9Es,1
everyday socks,Navy blue,No,600,150,Blue,Blue,1x1,,Able Sisters,Available from either Mable's temporary shop or Able Sisters shop,All Year,Yes,1.0.0,Simple,everyday; work,No,SocksTexDailysocks2,10035,MyTLF7gvqar4TjoR3,1
everyday socks,Gray,No,600,150,Gray,Gray,1x1,,Able Sisters,Available from either Mable's temporary shop or Able Sisters shop,All Year,No,1.0.0,Simple,everyday; work,No,SocksTexDailysocks3,10036,RYHfit78bZMtfDcGL,1
everyday socks,Beige,No,600,150,Beige,Beige,1x1,,Able Sisters,Available from either Mable's temporary shop or Able Sisters shop,All Year,No,1.0.0,Simple,everyday; work,No,SocksTexDailysocks4,10037,AjdoBNEpkupPceJ4z,1
everyday socks,White,No,600,150,White,White,1x1,,Able Sisters,Available from either Mable's temporary shop or Able Sisters shop,All Year,Yes,1.0.0,Simple,everyday; work,No,SocksTexDailysocks5,10038,4s4vWXEwkLbb3efNb,1
everyday tights,Black,No,720,180,Black,Black,1x1,,Able Sisters,Available from either Mable's temporary shop or Able Sisters shop,All Year,Yes,1.0.0,Simple,everyday; work,No,SocksTexDailytights0,9581,rh6Bpp5D5QL7QXt7F,1
everyday tights,Light gray,No,720,180,Gray,Gray,1x1,,Able Sisters,Available from either Mable's temporary shop or Able Sisters shop,All Year,Yes,1.0.0,Simple,everyday; work,No,SocksTexDailytights1,9682,GG4hZNfY85kX42aEe,1
everyday tights,Gray,No,720,180,Gray,Gray,1x1,,Able Sisters,Available from either Mable's temporary shop or Able Sisters shop,All Year,Yes,1.0.0,Simple,everyday; work,No,SocksTexDailytights2,9683,HWnMuGqHxjQLh7yDJ,1
everyday tights,White,No,720,180,White,White,1x1,,Able Sisters,Available from either Mable's temporary shop or Able Sisters shop,All Year,Yes,1.0.0,Simple,everyday; work,No,SocksTexDailytights3,9684,iENLav487Pt8WgfWk,1
everyday tights,Navy blue,No,720,180,Blue,Blue,1x1,,Able Sisters,Available from either Mable's temporary shop or Able Sisters shop,All Year,Yes,1.0.0,Simple,everyday; work,No,SocksTexDailytights4,9685,Byc5JuPksWfY4wprE,1
everyday tights,Beige,No,720,180,Beige,Beige,1x1,,Able Sisters,Available from either Mable's temporary shop or Able Sisters shop,All Year,Yes,1.0.0,Simple,everyday; work,No,SocksTexDailytights5,9686,w9RMWiq6CjrmwWJtN,1
fishnet tights,Black,No,480,120,Black,Black,1x1,,Able Sisters,Available from Able Sisters shop only,All Year,Yes,1.0.0,Elegant,party; theatrical,No,SocksTexAmitights0,3096,3tL4DiJ9rWHthc9Pk,1
fishnet tights,White,No,480,120,White,White,1x1,,Able Sisters,Available from Able Sisters shop only,All Year,No,1.0.0,Elegant,party; theatrical,No,SocksTexAmitights1,9659,gsjb2cGwKR3nQswoP,1
fishnet tights,Red,No,480,120,Red,Red,1x1,,Able Sisters,Available from Able Sisters shop only,All Year,No,1.0.0,Elegant,party; theatrical,No,SocksTexAmitights2,9660,48n6aHZGEPnDEK9jx,1
flowery-dot tights,White,No,720,180,White,White,1x1,,Able Sisters,Available from Able Sisters shop only,All Year,Yes,1.0.0,Elegant,fairy tale; formal; party; theatrical,No,SocksTexFlowerdot0,5804,PMGBtgwgdqyfgFLGT,1
flowery-dot tights,Pink,No,720,180,Pink,White,1x1,,Able Sisters,Available from Able Sisters shop only,All Year,No,1.0.0,Elegant,fairy tale; formal; party; theatrical,No,SocksTexFlowerdot1,9917,iPqdJXpkmoQHFa3bk,1
flowery-dot tights,Blue,No,720,180,Light blue,White,1x1,,Able Sisters,Available from Able Sisters shop only,All Year,No,1.0.0,Elegant,fairy tale; formal; party; theatrical,No,SocksTexFlowerdot2,9918,LQLHZmbq5ooLpTaSc,1
flowery-dot tights,Yellow,No,720,180,Yellow,White,1x1,,Able Sisters,Available from Able Sisters shop only,All Year,No,1.0.0,Elegant,fairy tale; formal; party; theatrical,No,SocksTexFlowerdot3,9919,MKk8HkGiw8Dm5isEd,1
flowery-dot tights,Black,No,720,180,Black,Black,1x1,,Able Sisters,Available from Able Sisters shop only,All Year,Yes,1.0.0,Elegant,fairy tale; formal; party; theatrical,No,SocksTexFlowerdot4,9920,Can7JCiG9L8Hm9TDc,1
frilly knee-high socks,Black,No,840,210,Black,White,1x1,,Kicks,,Spring,No,1.0.0,Cute,everyday; fairy tale; party; theatrical,No,SocksTexFrilledknee0,5172,vmXP6mnS88memLCX4,1
frilly knee-high socks,Green,No,840,210,Green,White,1x1,,Kicks,,Spring,No,1.0.0,Cute,everyday; fairy tale; party; theatrical,No,SocksTexFrilledknee1,11589,3Q2vgyB7ck687Eyqg,1
frilly knee-high socks,Red,No,840,210,Red,White,1x1,,Kicks,,Spring,No,1.0.0,Cute,everyday; fairy tale; party; theatrical,No,SocksTexFrilledknee2,11590,xds2s4575YP27vR8A,1
frilly knee-high socks,Brown,No,840,210,Orange,White,1x1,,Kicks,,Spring,No,1.0.0,Cute,everyday; fairy tale; party; theatrical,No,SocksTexFrilledknee3,11591,JNi4geueh5oD227xR,1
frilly knee-high socks,Mint,No,840,210,Light blue,White,1x1,,Kicks,,Spring,No,1.0.0,Cute,everyday; fairy tale; party; theatrical,No,SocksTexFrilledknee4,11592,CWTTXCXbYiGajL8GN,1
frilly knee-high socks,Pink,No,840,210,Pink,White,1x1,,Kicks,,Spring,No,1.0.0,Cute,everyday; fairy tale; party; theatrical,No,SocksTexFrilledknee5,11593,v9tYcuwPdAT7v3wQS,1
frilly knee-high socks,Purple,No,840,210,Purple,White,1x1,,Kicks,,Spring,No,1.0.0,Cute,everyday; fairy tale; party; theatrical,No,SocksTexFrilledknee6,11594,WXa2dtqHH4yTqi72y,1
frilly knee-high socks,Yellow,No,840,210,Yellow,White,1x1,,Kicks,,Spring,No,1.0.0,Cute,everyday; fairy tale; party; theatrical,No,SocksTexFrilledknee7,11595,WdGcfiFNT7NYtgr2x,1
frilly socks,White,No,720,180,White,White,1x1,,Able Sisters,Available from Able Sisters shop only,All Year,No,1.0.0,Cute,everyday; fairy tale; formal; party,No,SocksTexFrilled0,5174,JjfAnWLyzasyYMg3v,1
frilly socks,Yellow,No,720,180,Yellow,White,1x1,,Able Sisters,Available from Able Sisters shop only,All Year,No,1.0.0,Cute,everyday; fairy tale; formal; party,No,SocksTexFrilled1,8934,riCwe2zM7QyECk3Jr,1
frilly socks,Pink,No,720,180,Pink,White,1x1,,Able Sisters,Available from Able Sisters shop only,All Year,No,1.0.0,Cute,everyday; fairy tale; formal; party,No,SocksTexFrilled2,8935,eReXG6NHXaQ7K3hBX,1
frilly socks,Green,No,720,180,Green,White,1x1,,Able Sisters,Available from Able Sisters shop only,All Year,No,1.0.0,Cute,everyday; fairy tale; formal; party,No,SocksTexFrilled3,8936,k4BtF693DbxH33AL6,1
frilly socks,Purple,No,720,180,Purple,White,1x1,,Able Sisters,Available from Able Sisters shop only,All Year,No,1.0.0,Cute,everyday; fairy tale; formal; party,No,SocksTexFrilled4,8937,RTFEAwp3SBjAFWdd8,1
frilly socks,Blue,No,720,180,Light blue,White,1x1,,Able Sisters,Available from Able Sisters shop only,All Year,No,1.0.0,Cute,everyday; fairy tale; formal; party,No,SocksTexFrilled5,8938,gQw822wnuA7Cvo7nF,1
funny-face socks,Pink,No,600,150,Pink,Light blue,1x1,,Kicks,,Summer,No,1.0.0,Active,everyday; comfy,No,SocksTexCharacter0,5406,foRRtKZSXYm9y3rX9,1
funny-face socks,Blue,No,600,150,Blue,Green,1x1,,Kicks,,Summer,No,1.0.0,Active,everyday; comfy,No,SocksTexCharacter1,9992,y8GCEKe7n9XX2TW4n,1
funny-face socks,Red,No,600,150,Red,Yellow,1x1,,Kicks,,Summer,No,1.0.0,Active,everyday; comfy,No,SocksTexCharacter2,9993,qSjBCKKdyA4KREoye,1
funny-face socks,Green,No,600,150,Green,Blue,1x1,,Kicks,,Summer,No,1.0.0,Active,everyday; comfy,No,SocksTexCharacter3,9994,hj2f2Lh4d4ZEWsi6B,1
funny-face socks,Black,No,600,150,Black,Gray,1x1,,Kicks,,Summer,No,1.0.0,Active,everyday; comfy,No,SocksTexCharacter4,9995,Z325j6mwSX7psKc6s,1
garter socks,Black,No,980,245,Black,Black,1x1,,Kicks,,All Year,No,1.0.0,Cool,formal; party; theatrical,No,SocksTexGarter0,4747,iwKjqecWcWav7tNss,1
garter socks,White,No,980,245,White,White,1x1,,Kicks,,All Year,No,1.0.0,Cool,formal; party; theatrical,No,SocksTexGarter1,9661,iDmZtgECn8KRQuAMs,1
garter socks,Purple,No,980,245,Purple,Purple,1x1,,Kicks,,All Year,No,1.0.0,Cool,formal; party; theatrical,No,SocksTexGarter2,9662,RN674wx6333j9XEHA,1
garter socks,Red,No,980,245,Red,Red,1x1,,Kicks,,All Year,No,1.0.0,Cool,formal; party; theatrical,No,SocksTexGarter3,9663,88SHPWGpx3C5ft2dv,1
geometric-print socks,Yellow,No,950,237,Yellow,Colorful,1x1,,Able Sisters,Available from Able Sisters shop only,All Year,No,1.0.0,Active,outdoorsy,No,SocksTexChimayo0,5444,iRLnesjDYbtq9h3KN,1
geometric-print socks,Peacock blue,No,950,237,Light blue,Colorful,1x1,,Able Sisters,Available from Able Sisters shop only,All Year,No,1.0.0,Active,outdoorsy,No,SocksTexChimayo1,9912,LREKsNHetcJzH6h8w,1
geometric-print socks,Purple,No,950,237,Purple,Colorful,1x1,,Able Sisters,Available from Able Sisters shop only,All Year,No,1.0.0,Active,outdoorsy,No,SocksTexChimayo2,9913,eLuF389npgRiWzMAS,1
geometric-print socks,Beige,No,950,237,Beige,Colorful,1x1,,Able Sisters,Available from Able Sisters shop only,All Year,No,1.0.0,Active,outdoorsy,No,SocksTexChimayo3,9914,ssdvzowHC9cjHtC7E,1
geometric-print socks,Pink,No,950,237,Pink,Colorful,1x1,,Able Sisters,Available from Able Sisters shop only,All Year,No,1.0.0,Active,outdoorsy,No,SocksTexChimayo4,9915,PuAirT3RNJoiq4EsZ,1
geometric-print socks,Green,No,950,237,Green,Colorful,1x1,,Able Sisters,Available from Able Sisters shop only,All Year,No,1.0.0,Active,outdoorsy,No,SocksTexChimayo5,9916,jiHCobNrHoCB3jBao,1
hand-knit socks,Green,No,700,175,Green,Green,1x1,,Able Sisters,Available from either Mable's temporary shop or Able Sisters shop,All Year,No,1.0.0,Simple,outdoorsy; comfy,No,SocksTexHandknit0,5196,z54zAKmuyqXF6pRiL,1
hand-knit socks,Purple,No,700,175,Purple,Purple,1x1,,Able Sisters,Available from either Mable's temporary shop or Able Sisters shop,All Year,No,1.0.0,Simple,outdoorsy; comfy,No,SocksTexHandknit1,9076,j5an4tBSddSdQKoTE,1
hand-knit socks,Orange,No,700,175,Orange,Orange,1x1,,Able Sisters,Available from either Mable's temporary shop or Able Sisters shop,All Year,No,1.0.0,Simple,outdoorsy; comfy,No,SocksTexHandknit2,9077,digGMqMoQXzCPZHcp,1
holey socks,Blue,No,NFS,10,Blue,Blue,1x1,,Recycle bin,,All Year,No,1.0.0,Simple,goth; comfy,No,SocksTexHole0,5178,eaux4kbxPYywzEPnk,0
holey socks,Navy blue,No,NFS,10,Blue,Blue,1x1,,Recycle bin,,All Year,No,1.0.0,Simple,goth; comfy,No,SocksTexHole1,9070,ekrFBBgdDZN9rCRyX,0
holey socks,White,No,NFS,10,Beige,Beige,1x1,,Recycle bin,,All Year,No,1.0.0,Simple,goth; comfy,No,SocksTexHole2,9071,mCipqhEgf8Co9QRig,0
holey tights,Black,No,350,87,Black,Black,1x1,,Able Sisters,Available from either Mable's temporary shop or Able Sisters shop,All Year,No,1.0.0,Cool,everyday; goth; theatrical,No,SocksTexHoletights0,5176,CWxgPmSn9NHnRk7n8,1
holey tights,Pink,No,350,87,Pink,Pink,1x1,,Able Sisters,Available from either Mable's temporary shop or Able Sisters shop,All Year,No,1.0.0,Cool,everyday; goth; theatrical,No,SocksTexHoletights1,9664,kfjtinkEFrk92xCDv,1
holey tights,Light blue,No,350,87,Light blue,Light blue,1x1,,Able Sisters,Available from either Mable's temporary shop or Able Sisters shop,All Year,No,1.0.0,Cool,everyday; goth; theatrical,No,SocksTexHoletights2,9665,kRb3QxmzBz664qW7k,1
holey tights,Red,No,350,87,Red,Red,1x1,,Able Sisters,Available from either Mable's temporary shop or Able Sisters shop,All Year,Yes,1.0.0,Cool,everyday; goth; theatrical,No,SocksTexHoletights3,9666,XddtgttTuvd2aGgJz,1
holey tights,Purple,No,350,87,Purple,Purple,1x1,,Able Sisters,Available from either Mable's temporary shop or Able Sisters shop,All Year,No,1.0.0,Cool,everyday; goth; theatrical,No,SocksTexHoletights4,9667,dwSSLoeYvH4S8Bdvf,1
holey tights,Green,No,350,87,Green,Green,1x1,,Able Sisters,Available from either Mable's temporary shop or Able Sisters shop,All Year,No,1.0.0,Cool,everyday; goth; theatrical,No,SocksTexHoletights5,9668,HsCb6Xa2yr6KfoP3j,1
holey tights,Blue,No,350,87,Blue,Blue,1x1,,Able Sisters,Available from either Mable's temporary shop or Able Sisters shop,All Year,No,1.0.0,Cool,everyday; goth; theatrical,No,SocksTexHoletights6,9669,PYaDDkoBgonoD9ZgF,1
holey tights,Yellow,No,350,87,Yellow,Yellow,1x1,,Able Sisters,Available from either Mable's temporary shop or Able Sisters shop,All Year,No,1.0.0,Cool,everyday; goth; theatrical,No,SocksTexHoletights7,9670,ZZ6wt2b5AyB4R3pEd,1
kiddie socks,Red & light blue,No,600,150,Red,Light blue,1x1,,Kicks,,All Year,No,1.0.0,Cute,everyday; outdoorsy; comfy; sporty,No,SocksTexKids0,5201,5mqGef4h29DktRP5J,1
kiddie socks,Blue & orange,No,600,150,Blue,Orange,1x1,,Kicks,,All Year,No,1.0.0,Cute,everyday; outdoorsy; comfy; sporty,No,SocksTexKids1,9985,caua8mbapACdisDuE,1
kiddie socks,Lime & pink,No,600,150,Green,Pink,1x1,,Kicks,,All Year,No,1.0.0,Cute,everyday; outdoorsy; comfy; sporty,No,SocksTexKids2,9986,rKW7PLjcnQTJmxLpj,1
kiddie socks,Yellow & purple,No,600,150,Yellow,Purple,1x1,,Kicks,,All Year,No,1.0.0,Cute,everyday; outdoorsy; comfy; sporty,No,SocksTexKids3,9987,CR4KZHwxdFpshqtRN,1
kiddie socks,Light blue & red,No,600,150,Light blue,Red,1x1,,Kicks,,All Year,No,1.0.0,Cute,everyday; outdoorsy; comfy; sporty,No,SocksTexKids4,9988,LFgFyfPHF5DCtB2Mg,1
kiddie socks,Purple & green,No,600,150,Purple,Green,1x1,,Kicks,,All Year,No,1.0.0,Cute,everyday; outdoorsy; comfy; sporty,No,SocksTexKids5,9989,Q5ppLfq9eAyh5CiDd,1
kiddie socks,Pink & yellow,No,600,150,Pink,Yellow,1x1,,Kicks,,All Year,No,1.0.0,Cute,everyday; outdoorsy; comfy; sporty,No,SocksTexKids6,9990,uDAkFWgcMBdTxrpe7,1
kiddie socks,Black & gray,No,600,150,Black,Gray,1x1,,Kicks,,All Year,No,1.0.0,Cute,everyday; outdoorsy; comfy; sporty,No,SocksTexKids7,9991,JYXCDdJSMofR4Fhgn,1
Labelle socks,Twilight,No,940,235,Purple,Purple,1x1,,Labelle,,All Year,No,1.0.0,Cool,everyday; formal; sporty; theatrical,No,SocksTexKatesocks0,9883,hyhRxPjBSZAvnxQjr,1
Labelle socks,Midnight,No,940,235,Black,Black,1x1,,Labelle,,All Year,No,1.0.0,Cool,everyday; formal; sporty; theatrical,No,SocksTexKatesocks1,11761,ZaX5Gyb34Kwj9bzLn,1
Labelle socks,Passion,No,940,235,Red,Red,1x1,,Labelle,,All Year,No,1.0.0,Cool,everyday; formal; sporty; theatrical,No,SocksTexKatesocks2,11762,b7JBgeuAoWuwhKc9b,1
Labelle socks,Ocean,No,940,235,Blue,Blue,1x1,,Labelle,,All Year,No,1.0.0,Cool,everyday; formal; sporty; theatrical,No,SocksTexKatesocks3,11763,RdoRnCSw4FpEXci5s,1
Labelle socks,Sunset,No,940,235,Yellow,Yellow,1x1,,Labelle,,All Year,No,1.0.0,Cool,everyday; formal; sporty; theatrical,No,SocksTexKatesocks4,11764,bkDdwmPfGjYDQvo3b,1
Labelle socks,Love,No,940,235,Pink,Pink,1x1,,Labelle,,All Year,No,1.0.0,Cool,everyday; formal; sporty; theatrical,No,SocksTexKatesocks5,11765,zSHmRiEPN4emdp2Bg,1
Labelle tights,Twilight,No,1240,310,Purple,Purple,1x1,,Labelle,,All Year,No,1.0.0,Elegant,everyday; formal; party; theatrical,No,SocksTexKatetights0,9882,dL7xeqfcNGRcayR59,1
Labelle tights,Midnight,No,1240,310,Black,Black,1x1,,Labelle,,All Year,No,1.0.0,Elegant,everyday; formal; party; theatrical,No,SocksTexKatetights1,11756,s9SheWRC6wvujqCQp,1
Labelle tights,Passion,No,1240,310,Red,Red,1x1,,Labelle,,All Year,No,1.0.0,Elegant,everyday; formal; party; theatrical,No,SocksTexKatetights2,11757,epohpktM92yF7bhcB,1
Labelle tights,Ocean,No,1240,310,Blue,Blue,1x1,,Labelle,,All Year,No,1.0.0,Elegant,everyday; formal; party; theatrical,No,SocksTexKatetights3,11758,MAHpTyaE9sPCXsKpb,1
Labelle tights,Sunset,No,1240,310,Orange,Orange,1x1,,Labelle,,All Year,No,1.0.0,Elegant,everyday; formal; party; theatrical,No,SocksTexKatetights4,11759,e5f9rJg8Qo56X6xpo,1
Labelle tights,Love,No,1240,310,Pink,Pink,1x1,,Labelle,,All Year,No,1.0.0,Elegant,everyday; formal; party; theatrical,No,SocksTexKatetights5,11760,zrQngGimLZz9HNpck,1
lace socks,White,No,720,180,White,White,1x1,,Able Sisters,Available from Able Sisters shop only,All Year,No,1.0.0,Elegant,everyday; fairy tale; formal; party,No,SocksTexLace0,5173,qRGNuwPJJS3YyWe7w,1
lace socks,Pink,No,720,180,Pink,White,1x1,,Able Sisters,Available from Able Sisters shop only,All Year,No,1.0.0,Elegant,everyday; fairy tale; formal; party,No,SocksTexLace1,8931,HMyTxrLsMc3PkSPXN,1
lace socks,Green,No,720,180,Green,White,1x1,,Able Sisters,Available from Able Sisters shop only,All Year,No,1.0.0,Elegant,everyday; fairy tale; formal; party,No,SocksTexLace2,8932,zFT2DpYJPacGNEAP4,1
lace socks,Black,No,720,180,Black,White,1x1,,Able Sisters,Available from Able Sisters shop only,All Year,No,1.0.0,Elegant,everyday; fairy tale; formal; party,No,SocksTexLace3,8933,86Y8rtryieE8cCHcS,1
lace socks,Beige,No,720,180,Beige,White,1x1,,Able Sisters,Available from Able Sisters shop only,All Year,No,1.0.0,Elegant,everyday; fairy tale; formal; party,No,SocksTexLace4,10170,2wWiCEyFpcC64yLJz,1
layered socks,Purple,No,720,180,Gray,Purple,1x1,,Able Sisters,Available from Able Sisters shop only,Winter,No,1.0.0,Simple,everyday; comfy,No,SockstTexOverlapping0,5195,2am8FTEZehx7t7nh7,1
layered socks,Blue,No,720,180,Gray,Blue,1x1,,Able Sisters,Available from Able Sisters shop only,Winter,No,1.0.0,Simple,everyday; comfy,No,SockstTexOverlapping1,9902,pYcz36NuF4WtFs6nd,1
layered socks,Yellow,No,720,180,Gray,Yellow,1x1,,Able Sisters,Available from Able Sisters shop only,Winter,No,1.0.0,Simple,everyday; comfy,No,SockstTexOverlapping2,9903,f8f8oNrhxiA3WCZwn,1
layered socks,Green,No,720,180,Gray,Green,1x1,,Able Sisters,Available from Able Sisters shop only,Winter,Yes,1.0.0,Simple,everyday; comfy,No,SockstTexOverlapping3,9904,v5xsCzumBt8AQxD2q,1
layered socks,Red,No,720,180,Gray,Red,1x1,,Able Sisters,Available from Able Sisters shop only,Winter,No,1.0.0,Simple,everyday; comfy,No,SockstTexOverlapping4,9905,dtFsbH6p5a4dPufKx,1
layered socks,Orange,No,720,180,Gray,Orange,1x1,,Able Sisters,Available from Able Sisters shop only,Winter,No,1.0.0,Simple,everyday; comfy,No,SockstTexOverlapping5,9906,3wugeZu3eS3Kq5Mfz,1
leg warmers,Purple,No,440,110,Purple,Purple,1x1,,Able Sisters,Available from either Mable's temporary shop or Able Sisters shop,Winter,No,1.0.0,Active,outdoorsy; comfy,No,SocksTexLegwarmer0,5169,XfT3B4xa9sbPq9SXo,1
leg warmers,Black,No,440,110,Black,Black,1x1,,Able Sisters,Available from either Mable's temporary shop or Able Sisters shop,Winter,No,1.0.0,Active,outdoorsy; comfy,No,SocksTexLegwarmer1,9785,7SjdceMm9EBftH999,1
leg warmers,Gray,No,440,110,Gray,Gray,1x1,,Able Sisters,Available from either Mable's temporary shop or Able Sisters shop,Winter,No,1.0.0,Active,outdoorsy; comfy,No,SocksTexLegwarmer2,9786,MRYbYyEpPpwCHQC6K,1
leg warmers,Pink,No,440,110,Pink,Pink,1x1,,Able Sisters,Available from either Mable's temporary shop or Able Sisters shop,Winter,No,1.0.0,Active,outdoorsy; comfy,No,SocksTexLegwarmer3,9787,YbGujwbC62LKu4EJX,1
leg warmers,Light purple,No,440,110,Purple,Purple,1x1,,Able Sisters,Available from either Mable's temporary shop or Able Sisters shop,Winter,No,1.0.0,Active,outdoorsy; comfy,No,SocksTexLegwarmer4,9788,HsxzpQQSheGZLynvt,1
leg warmers,Blue,No,440,110,Blue,Blue,1x1,,Able Sisters,Available from either Mable's temporary shop or Able Sisters shop,Winter,No,1.0.0,Active,outdoorsy; comfy,No,SocksTexLegwarmer5,9789,pLsudAtibb4CcFrXA,1
mixed-tweed socks,Red,No,800,200,Red,Red,1x1,,Able Sisters,Available from either Mable's temporary shop or Able Sisters shop,All Year,No,1.0.0,Simple,everyday; comfy,No,SocksTexMixtweed0,5168,owfZHfF53LSDDc9oY,1
mixed-tweed socks,Avocado,No,800,200,Green,Green,1x1,,Able Sisters,Available from either Mable's temporary shop or Able Sisters shop,All Year,Yes,1.0.0,Simple,everyday; comfy,No,SocksTexMixtweed1,9063,Sm9A7YY3Cop9SL2SL,1
mixed-tweed socks,Light blue,No,800,200,Light blue,Light blue,1x1,,Able Sisters,Available from either Mable's temporary shop or Able Sisters shop,All Year,No,1.0.0,Simple,everyday; comfy,No,SocksTexMixtweed2,9064,g8E79aFTJFqNSWkHa,1
mixed-tweed socks,Purple,No,800,200,Purple,Purple,1x1,,Able Sisters,Available from either Mable's temporary shop or Able Sisters shop,All Year,No,1.0.0,Simple,everyday; comfy,No,SocksTexMixtweed3,9065,zYKg8nbNZ4yiK8MRo,1
mixed-tweed socks,Blue,No,800,200,Blue,Blue,1x1,,Able Sisters,Available from either Mable's temporary shop or Able Sisters shop,All Year,No,1.0.0,Simple,everyday; comfy,No,SocksTexMixtweed4,9066,8zXuSD5mWeqWx9Ya3,1
mixed-tweed socks,Orange,No,800,200,Orange,Orange,1x1,,Able Sisters,Available from either Mable's temporary shop or Able Sisters shop,All Year,No,1.0.0,Simple,everyday; comfy,No,SocksTexMixtweed5,9067,rKn2vigLdAKyp78pT,1
mixed-tweed socks,Lime,No,800,200,Yellow,Yellow,1x1,,Able Sisters,Available from either Mable's temporary shop or Able Sisters shop,All Year,No,1.0.0,Simple,everyday; comfy,No,SocksTexMixtweed6,9068,pYazqm8irTwb5jLvL,1
mixed-tweed socks,Pink,No,800,200,Beige,Beige,1x1,,Able Sisters,Available from either Mable's temporary shop or Able Sisters shop,All Year,No,1.0.0,Simple,everyday; comfy,No,SocksTexMixtweed7,9069,cdQLDmrQGmcMsDCyB,1
neon leggings,Yellow,No,540,135,Yellow,Orange,1x1,,Able Sisters,Available from either Mable's temporary shop or Able Sisters shop,All Year,No,1.0.0,Active,outdoorsy; party; theatrical,No,SocksTexNeonleggings0,9586,RLSZDLNbLG83GjLLK,1
neon leggings,Pink,No,540,135,Pink,Purple,1x1,,Able Sisters,Available from either Mable's temporary shop or Able Sisters shop,All Year,Yes,1.0.0,Active,outdoorsy; party; theatrical,No,SocksTexNeonleggings1,9808,m3yXnPxG2S67TTXiP,1
neon leggings,Orange,No,540,135,Orange,Pink,1x1,,Able Sisters,Available from either Mable's temporary shop or Able Sisters shop,All Year,No,1.0.0,Active,outdoorsy; party; theatrical,No,SocksTexNeonleggings2,9809,nWcu7nF4Mm3GAaFuz,1
neon leggings,Green,No,540,135,Green,Light blue,1x1,,Able Sisters,Available from either Mable's temporary shop or Able Sisters shop,All Year,No,1.0.0,Active,outdoorsy; party; theatrical,No,SocksTexNeonleggings3,9810,CiRdadkZ8CZHGSLWr,1
neon leggings,Purple,No,540,135,Purple,Blue,1x1,,Able Sisters,Available from either Mable's temporary shop or Able Sisters shop,All Year,No,1.0.0,Active,outdoorsy; party; theatrical,No,SocksTexNeonleggings4,9811,tYx44vCXssquakWKM,1
neon tights,Yellow,No,720,180,Yellow,Orange,1x1,,Able Sisters,Available from either Mable's temporary shop or Able Sisters shop,All Year,No,1.0.0,Active,party; theatrical,No,SocksTexNeontights0,9583,ribe86zk8CSeDJcNX,1
neon tights,Pink,No,720,180,Pink,Purple,1x1,,Able Sisters,Available from either Mable's temporary shop or Able Sisters shop,All Year,No,1.0.0,Active,party; theatrical,No,SocksTexNeontights1,9694,W49nhK8ikKp6iSa5a,1
neon tights,Orange,No,720,180,Orange,Pink,1x1,,Able Sisters,Available from either Mable's temporary shop or Able Sisters shop,All Year,Yes,1.0.0,Active,party; theatrical,No,SocksTexNeontights2,9695,pXXmML69f4b9sRPsa,1
neon tights,Green,No,720,180,Green,Light blue,1x1,,Able Sisters,Available from either Mable's temporary shop or Able Sisters shop,All Year,Yes,1.0.0,Active,party; theatrical,No,SocksTexNeontights3,9696,eQLqwi3PDf8SvShDJ,1
neon tights,Purple,No,720,180,Purple,Blue,1x1,,Able Sisters,Available from either Mable's temporary shop or Able Sisters shop,All Year,No,1.0.0,Active,party; theatrical,No,SocksTexNeontights4,9697,rqxeHWvFkEJxeELii,1
no-show socks,Gray,No,480,120,Gray,Black,1x1,,Able Sisters,Available from either Mable's temporary shop or Able Sisters shop,All Year,Yes,1.0.0,Simple,everyday; outdoorsy; comfy; sporty,No,SocksTexSneakerin0,4741,23uqWuWmWfQc9SZrT,1
no-show socks,White,No,480,120,White,Red,1x1,,Able Sisters,Available from either Mable's temporary shop or Able Sisters shop,All Year,Yes,1.0.0,Simple,everyday; outdoorsy; comfy; sporty,No,SocksTexSneakerin1,10003,nsnHnWq7HcCK3dSS5,1
no-show socks,Berry red,No,480,120,Red,Gray,1x1,,Able Sisters,Available from either Mable's temporary shop or Able Sisters shop,All Year,No,1.0.0,Simple,everyday; outdoorsy; comfy; sporty,No,SocksTexSneakerin2,10004,RSdqLjfMrxzg6Nmij,1
no-show socks,Light blue,No,480,120,Light blue,White,1x1,,Able Sisters,Available from either Mable's temporary shop or Able Sisters shop,All Year,Yes,1.0.0,Simple,everyday; outdoorsy; comfy; sporty,No,SocksTexSneakerin3,10005,YvFWc5QiCGCypwRRn,1
no-show socks,Orange,No,480,120,Orange,Purple,1x1,,Able Sisters,Available from either Mable's temporary shop or Able Sisters shop,All Year,No,1.0.0,Simple,everyday; outdoorsy; comfy; sporty,No,SocksTexSneakerin4,10006,QWGErd9MjKGGs4iPK,1
no-show socks,Green,No,480,120,Green,Blue,1x1,,Able Sisters,Available from either Mable's temporary shop or Able Sisters shop,All Year,No,1.0.0,Simple,everyday; outdoorsy; comfy; sporty,No,SocksTexSneakerin5,10007,w7siY5WWvHdgEhgHS,1
no-show socks,Navy blue,No,480,120,Blue,Yellow,1x1,,Able Sisters,Available from either Mable's temporary shop or Able Sisters shop,All Year,No,1.0.0,Simple,everyday; outdoorsy; comfy; sporty,No,SocksTexSneakerin6,10008,8ttfsejMHiMv72kta,1
no-show socks,Yellow,No,480,120,Yellow,Light blue,1x1,,Able Sisters,Available from either Mable's temporary shop or Able Sisters shop,All Year,No,1.0.0,Simple,everyday; outdoorsy; comfy; sporty,No,SocksTexSneakerin7,10009,58eK8s82q6PQojHbZ,1
Nook Inc. socks,Yellow,No,NFS,2000,Yellow,Orange,1x1,400.0,Nook Miles Shop,,All Year,No,1.0.0,Active,everyday; outdoorsy; comfy,No,SocksTexBorderRco,5629,9aX93qfqKjkA3Ah4F,0
nordic socks,Navy blue,No,840,210,Blue,Black,1x1,,Able Sisters,Available from either Mable's temporary shop or Able Sisters shop,Winter,No,1.0.0,Elegant,everyday; outdoorsy; comfy,No,SocksTexNordic0,4748,YQkah68GuwuXS2Gnv,1
nordic socks,Ivory,No,840,210,Beige,Black,1x1,,Able Sisters,Available from either Mable's temporary shop or Able Sisters shop,Winter,No,1.0.0,Elegant,everyday; outdoorsy; comfy,No,SocksTexNordic1,9889,HKdHEfY4v8cpzdGT2,1
nordic socks,Red,No,840,210,Red,Black,1x1,,Able Sisters,Available from either Mable's temporary shop or Able Sisters shop,Winter,Yes,1.0.0,Elegant,everyday; outdoorsy; comfy,No,SocksTexNordic2,9890,yKLbboCACLCSWPHmw,1
nordic socks,Blue,No,840,210,Blue,Black,1x1,,Able Sisters,Available from either Mable's temporary shop or Able Sisters shop,Winter,No,1.0.0,Elegant,everyday; outdoorsy; comfy,No,SocksTexNordic3,9891,x493oaGe4pAqW8Tue,1
nordic socks,Gray,No,840,210,Gray,Black,1x1,,Able Sisters,Available from either Mable's temporary shop or Able Sisters shop,Winter,No,1.0.0,Elegant,everyday; outdoorsy; comfy,No,SocksTexNordic4,9892,MBjHJKaxWHn8hJyeQ,1
nordic socks,Green,No,840,210,Green,Black,1x1,,Able Sisters,Available from either Mable's temporary shop or Able Sisters shop,Winter,Yes,1.0.0,Elegant,everyday; outdoorsy; comfy,No,SocksTexNordic5,9893,d9PWq3zpaRggPoN8R,1
nordic socks,Light blue,No,840,210,Light blue,Black,1x1,,Able Sisters,Available from either Mable's temporary shop or Able Sisters shop,Winter,No,1.0.0,Elegant,everyday; outdoorsy; comfy,No,SocksTexNordic6,9894,QAMoumSd9Fv7CwA6m,1
patterned stockings,Black,No,940,235,Black,Black,1x1,,Able Sisters,Available from Able Sisters shop only,All Year,Yes,1.0.0,Elegant,everyday; formal; party; theatrical,No,SocksTexStripedot0,6046,MPuQ9PxnjGgBdR4cr,1
patterned stockings,White,No,940,235,White,White,1x1,,Able Sisters,Available from Able Sisters shop only,All Year,No,1.0.0,Elegant,everyday; formal; party; theatrical,No,SocksTexStripedot1,9674,bbZrafLMe87ifZ6yK,1
pom-pom socks,Pink,No,720,180,Pink,White,1x1,,Able Sisters,Available from Able Sisters shop only,Winter,No,1.0.0,Cute,everyday; fairy tale; comfy,No,SocksTexBobble0,5179,xTxpqcYovDS7R4brm,1
pom-pom socks,Blue,No,720,180,Light blue,White,1x1,,Able Sisters,Available from Able Sisters shop only,Winter,No,1.0.0,Cute,everyday; fairy tale; comfy,No,SocksTexBobble1,9072,X2Esyxf48CNDo7aS5,1
pom-pom socks,Green,No,720,180,Green,White,1x1,,Able Sisters,Available from Able Sisters shop only,Winter,No,1.0.0,Cute,everyday; fairy tale; comfy,No,SocksTexBobble2,9073,sJ4i4vbxAsffiM4PS,1
pom-pom socks,Orange,No,720,180,Orange,White,1x1,,Able Sisters,Available from Able Sisters shop only,Winter,No,1.0.0,Cute,everyday; fairy tale; comfy,No,SocksTexBobble3,9074,7cX6yDzovZqcytqYq,1
pom-pom socks,Purple,No,720,180,Purple,White,1x1,,Able Sisters,Available from Able Sisters shop only,Winter,No,1.0.0,Cute,everyday; fairy tale; comfy,No,SocksTexBobble4,9075,p8pAsGdvNt3MhZJvQ,1
puckered socks,Mustard,No,600,150,Orange,Orange,1x1,,Able Sisters,Available from Able Sisters shop only,All Year,No,1.0.0,Elegant,everyday,No,SocksTexPucker0,5198,jHhnoh4uTuxvfrRoR,1
puckered socks,Red,No,600,150,Red,Red,1x1,,Able Sisters,Available from Able Sisters shop only,All Year,No,1.0.0,Elegant,everyday,No,SocksTexPucker1,9078,tqbtYmMFqJea5Ly4H,1
puckered socks,Blue,No,600,150,Blue,Blue,1x1,,Able Sisters,Available from Able Sisters shop only,All Year,No,1.0.0,Elegant,everyday,No,SocksTexPucker2,9079,Qjs7aEzAyXkYiEx2j,1
puckered socks,Green,No,600,150,Green,Green,1x1,,Able Sisters,Available from Able Sisters shop only,All Year,No,1.0.0,Elegant,everyday,No,SocksTexPucker3,9080,CBvB7JPEmJTEfBqHG,1
puckered socks,Purple,No,600,150,Purple,Purple,1x1,,Able Sisters,Available from Able Sisters shop only,All Year,No,1.0.0,Elegant,everyday,No,SocksTexPucker4,9081,pEZh2BMo5Ht2z4Qdn,1
running tights,Pink,No,550,137,Black,Pink,1x1,,Able Sisters,Available from either Mable's temporary shop or Able Sisters shop,All Year,No,1.0.0,Active,outdoorsy; sporty; work,No,SocksTexRun0,5214,vtfGv2xygxLpzEQ6c,1
running tights,Yellow,No,550,137,Black,Yellow,1x1,,Able Sisters,Available from either Mable's temporary shop or Able Sisters shop,All Year,No,1.0.0,Active,outdoorsy; sporty; work,No,SocksTexRun1,9798,7cbeNaN77kh4PSrbn,1
running tights,Blue,No,550,137,Black,Blue,1x1,,Able Sisters,Available from either Mable's temporary shop or Able Sisters shop,All Year,Yes,1.0.0,Active,outdoorsy; sporty; work,No,SocksTexRun2,9799,4tutx5H5HC9TNWmFn,1
running tights,Green,No,550,137,Black,Green,1x1,,Able Sisters,Available from either Mable's temporary shop or Able Sisters shop,All Year,No,1.0.0,Active,outdoorsy; sporty; work,No,SocksTexRun3,9800,4HnvYfdvg6WwwBz9u,1
semi-opaque socks,Green,No,480,120,Green,Green,1x1,,Able Sisters,Available from Able Sisters shop only,All Year,No,1.0.0,Elegant,everyday,No,SocksTexNuancesocks0,9644,aDd9YECbDwxmdtYRN,1
semi-opaque socks,Red,No,480,120,Red,Red,1x1,,Able Sisters,Available from Able Sisters shop only,All Year,No,1.0.0,Elegant,everyday,No,SocksTexNuancesocks1,10027,9y7L6GWXoiMhXgsnf,1
semi-opaque socks,Blue,No,480,120,Blue,Blue,1x1,,Able Sisters,Available from Able Sisters shop only,All Year,No,1.0.0,Elegant,everyday,No,SocksTexNuancesocks2,10028,cuQ2Efgb8W3eYPQMr,1
semi-opaque socks,Navy blue,No,480,120,Purple,Purple,1x1,,Able Sisters,Available from Able Sisters shop only,All Year,No,1.0.0,Elegant,everyday,No,SocksTexNuancesocks3,10029,sqE8jqYCHjdpHJLD5,1
semi-opaque socks,Purple,No,480,120,Pink,Pink,1x1,,Able Sisters,Available from Able Sisters shop only,All Year,No,1.0.0,Elegant,everyday,No,SocksTexNuancesocks4,10030,fm5LhL9MfomtYc46n,1
semi-opaque socks,Camel,No,480,120,Yellow,Yellow,1x1,,Able Sisters,Available from Able Sisters shop only,All Year,No,1.0.0,Elegant,everyday,No,SocksTexNuancesocks5,10031,KLmZ9YcLY8dcH3nxQ,1
semi-opaque socks,Avocado,No,480,120,Green,Green,1x1,,Able Sisters,Available from Able Sisters shop only,All Year,No,1.0.0,Elegant,everyday,No,SocksTexNuancesocks6,10032,eDjvXAE53RX4Y4uRb,1
semi-opaque socks,Brown,No,480,120,Brown,Brown,1x1,,Able Sisters,Available from Able Sisters shop only,All Year,No,1.0.0,Elegant,everyday,No,SocksTexNuancesocks7,10033,seWE9o2TE28kpMDjm,1
semi-opaque tights,Brown,No,720,180,Orange,Orange,1x1,,Able Sisters,Available from Able Sisters shop only,All Year,No,1.0.0,Elegant,everyday,No,SocksTexNuancetights0,9580,4tvCsLmAJBucyRFh4,1
semi-opaque tights,Yellow,No,720,180,Yellow,Yellow,1x1,,Able Sisters,Available from Able Sisters shop only,All Year,No,1.0.0,Elegant,everyday,No,SocksTexNuancetights1,9675,wrzsLNreDDJSx9rcv,1
semi-opaque tights,Green,No,720,180,Green,Green,1x1,,Able Sisters,Available from Able Sisters shop only,All Year,No,1.0.0,Elegant,everyday,No,SocksTexNuancetights2,9676,dybLNTRi3jQvD8Tdq,1
semi-opaque tights,Purple,No,720,180,Purple,Purple,1x1,,Able Sisters,Available from Able Sisters shop only,All Year,No,1.0.0,Elegant,everyday,No,SocksTexNuancetights3,9677,TQaSHhuiZi36xa2Jx,1
semi-opaque tights,Blue,No,720,180,Blue,Blue,1x1,,Able Sisters,Available from Able Sisters shop only,All Year,Yes,1.0.0,Elegant,everyday,No,SocksTexNuancetights4,9678,GtaHiEpq7oDHgytbC,1
semi-opaque tights,Pink,No,720,180,Pink,Pink,1x1,,Able Sisters,Available from Able Sisters shop only,All Year,No,1.0.0,Elegant,everyday,No,SocksTexNuancetights5,9679,g4dSGvzNvZLb5woZ2,1
semi-opaque tights,Red,No,720,180,Red,Red,1x1,,Able Sisters,Available from Able Sisters shop only,All Year,No,1.0.0,Elegant,everyday,No,SocksTexNuancetights6,9680,SG5Y2GgkbZ3bfrKzG,1
semi-opaque tights,Yellow-green,No,720,180,Green,Green,1x1,,Able Sisters,Available from Able Sisters shop only,All Year,No,1.0.0,Elegant,everyday,No,SocksTexNuancetights7,9681,Z36xyWkyy3QY6egTc,1
sequin leggings,Pink,No,940,235,Pink,Pink,1x1,,Kicks,,All Year,No,1.0.0,Gorgeous,party; theatrical,No,SocksTexSequins0,4743,pKRC3yY3R5RkyxY5x,1
sequin leggings,Red,No,940,235,Red,Red,1x1,,Kicks,,All Year,No,1.0.0,Gorgeous,party; theatrical,No,SocksTexSequins1,11580,Jk6c6Hi3y4tWEsGmb,1
sequin leggings,Black,No,940,235,Black,Black,1x1,,Kicks,,All Year,No,1.0.0,Gorgeous,party; theatrical,No,SocksTexSequins2,11581,LYwjTYKtgGPanWj78,1
sequin leggings,Yellow,No,940,235,Yellow,Yellow,1x1,,Kicks,,All Year,No,1.0.0,Gorgeous,party; theatrical,No,SocksTexSequins3,11582,Esh9SXsXcdtLvBaNY,1
sequin leggings,White,No,940,235,White,White,1x1,,Kicks,,All Year,No,1.0.0,Gorgeous,party; theatrical,No,SocksTexSequins4,11583,Mp6tw5WGZKDfC3r9Q,1
sequin leggings,Blue,No,940,235,Blue,Blue,1x1,,Kicks,,All Year,No,1.0.0,Gorgeous,party; theatrical,No,SocksTexSequins5,11584,CN7jyWoBhp9yTgyC6,1
sequin leggings,Purple,No,940,235,Purple,Purple,1x1,,Kicks,,All Year,No,1.0.0,Gorgeous,party; theatrical,No,SocksTexSequins6,11585,NQtAZA8S9JxtKcuvJ,1
sequin leggings,Green,No,940,235,Green,Green,1x1,,Kicks,,All Year,No,1.0.0,Gorgeous,party; theatrical,No,SocksTexSequins7,11586,J53GKGigQmiYbR92q,1
sheer socks,Blue,No,600,150,Blue,Blue,1x1,,Kicks,,Fall,No,1.0.0,Elegant,everyday; formal; party,No,SocksTexSeethrough0,5812,nMjTv2ajZrHaFzWcJ,1
sheer socks,Berry red,No,600,150,Red,Red,1x1,,Kicks,,Fall,No,1.0.0,Elegant,everyday; formal; party,No,SocksTexSeethrough1,9928,vwEun3iFbpAxkN9YM,1
sheer socks,Brown,No,600,150,Brown,Brown,1x1,,Kicks,,Fall,No,1.0.0,Elegant,everyday; formal; party,No,SocksTexSeethrough2,9929,Yg79sKrkCuNmim6Lh,1
sheer socks,Green,No,600,150,Green,Green,1x1,,Kicks,,Fall,No,1.0.0,Elegant,everyday; formal; party,No,SocksTexSeethrough3,9930,j7pziPZTkZveBAuPv,1
sheer socks,Olive,No,600,150,Green,Green,1x1,,Kicks,,Fall,No,1.0.0,Elegant,everyday; formal; party,No,SocksTexSeethrough4,9931,WNq5e8Fxyh8xiXGQx,1
sheer socks,Gray,No,600,150,Gray,Gray,1x1,,Kicks,,Fall,No,1.0.0,Elegant,everyday; formal; party,No,SocksTexSeethrough5,9932,38sduqDDHJFtnAfuF,1
simple knee-high socks,Pink,No,600,150,Pink,Pink,1x1,,Kicks,,All Year,No,1.0.0,Cute,everyday,No,SocksTexSimpleknee0,12175,zFnCYaxy784dqgR64,1
simple knee-high socks,White,No,600,150,White,White,1x1,,Kicks,,All Year,No,1.0.0,Cute,everyday,No,SocksTexSimpleknee1,12182,XtJFPeWuftyf2oPz4,1
simple knee-high socks,Red,No,600,150,Red,Red,1x1,,Kicks,,All Year,No,1.0.0,Cute,everyday,No,SocksTexSimpleknee2,12183,RGA5qnS5QpyYE9YMo,1
simple knee-high socks,Blue,No,600,150,Light blue,Light blue,1x1,,Kicks,,All Year,No,1.0.0,Cute,everyday,No,SocksTexSimpleknee3,12184,SxXnBrRAxfq3x28sc,1
simple-accent socks,Navy blue,No,720,180,Blue,Red,1x1,,Able Sisters,Available from either Mable's temporary shop or Able Sisters shop,All Year,Yes,1.0.0,Simple,everyday; formal,No,SocksTexOnepoint0,5200,pXiEbRv6KpRzR2HhF,1
simple-accent socks,Black,No,720,180,Black,White,1x1,,Able Sisters,Available from either Mable's temporary shop or Able Sisters shop,All Year,No,1.0.0,Simple,everyday; formal,No,SocksTexOnepoint1,9082,aF6MoJRq25nmozuqJ,1
simple-accent socks,White,No,720,180,White,Black,1x1,,Able Sisters,Available from either Mable's temporary shop or Able Sisters shop,All Year,Yes,1.0.0,Simple,everyday; formal,No,SocksTexOnepoint2,9083,oDiizez3yxj6HtyQr,1
simple-accent socks,Gray,No,720,180,Gray,Light blue,1x1,,Able Sisters,Available from either Mable's temporary shop or Able Sisters shop,All Year,No,1.0.0,Simple,everyday; formal,No,SocksTexOnepoint3,9084,og9QPp6jXLwv9RfEZ,1
simple-accent socks,Blue,No,720,180,Blue,Light blue,1x1,,Able Sisters,Available from either Mable's temporary shop or Able Sisters shop,All Year,No,1.0.0,Simple,everyday; formal,No,SocksTexOnepoint4,9085,4odTg8BmPySYZensZ,1
simple-accent socks,Orange,No,720,180,Orange,Yellow,1x1,,Able Sisters,Available from either Mable's temporary shop or Able Sisters shop,All Year,Yes,1.0.0,Simple,everyday; formal,No,SocksTexOnepoint5,9086,AYXDKak7MRoKKJ24J,1
simple-accent socks,Red,No,720,180,Red,Black,1x1,,Able Sisters,Available from either Mable's temporary shop or Able Sisters shop,All Year,No,1.0.0,Simple,everyday; formal,No,SocksTexOnepoint6,9087,4sozM46zqJys5bcFt,1
simple-accent socks,Pink,No,720,180,Pink,White,1x1,,Able Sisters,Available from either Mable's temporary shop or Able Sisters shop,All Year,No,1.0.0,Simple,everyday; formal,No,SocksTexOnepoint7,9088,ZKHg7YC8qTrpLm76X,1
soccer socks,Blue,No,800,200,Blue,White,1x1,,Kicks,,All Year,No,1.0.0,Active,sporty; work,No,SocksTexFootball0,5177,xwcWvpsyxDjwwF7jt,1
soccer socks,Red,No,800,200,Red,White,1x1,,Kicks,,All Year,No,1.0.0,Active,sporty; work,No,SocksTexFootball1,9973,4QejjPC38oza2u98X,1
soccer socks,Green,No,800,200,Green,White,1x1,,Kicks,,All Year,No,1.0.0,Active,sporty; work,No,SocksTexFootball2,9974,zbWuXc2n8WYG7rnNY,1
soccer socks,Light blue,No,800,200,Light blue,White,1x1,,Kicks,,All Year,No,1.0.0,Active,sporty; work,No,SocksTexFootball3,9975,Mk4mRFChWdZxYsqcu,1
soccer socks,Black,No,800,200,Black,White,1x1,,Kicks,,All Year,No,1.0.0,Active,sporty; work,No,SocksTexFootball4,9976,kSEJpobnFBFviu4sX,1
soccer socks,Orange,No,800,200,Orange,White,1x1,,Kicks,,All Year,No,1.0.0,Active,sporty; work,No,SocksTexFootball5,9977,tsnTTCg9bosbBLXpS,1
soccer socks,White,No,800,200,White,Black,1x1,,Kicks,,All Year,No,1.0.0,Active,sporty; work,No,SocksTexFootball6,9978,y72GvNAoswc8fgK6p,1
spider-web tights,Black,No,720,180,Black,Black,1x1,,Kicks,,Fall,No,1.0.0,Cool,goth; party; theatrical,No,SocksTexSpider0,5203,SR5g7wLo5uvQ9TaYe,1
spider-web tights,White,No,720,180,White,White,1x1,,Kicks,,Fall,No,1.0.0,Cool,goth; party; theatrical,No,SocksTexSpider1,9671,Q8ktndrSuTbgX4GWP,1
spider-web tights,Orange,No,720,180,Orange,Orange,1x1,,Kicks,,Fall,No,1.0.0,Cool,goth; party; theatrical,No,SocksTexSpider2,9672,vbFcKTrEoZZ4EjYWC,1
spider-web tights,Purple,No,720,180,Purple,Purple,1x1,,Kicks,,Fall,No,1.0.0,Cool,goth; party; theatrical,No,SocksTexSpider3,9673,8GMMKmgvcPFx5z4sK,1
stockings,Black,No,480,120,Black,Black,1x1,,Able Sisters,Available from either Mable's temporary shop or Able Sisters shop,All Year,No,1.0.0,Simple,everyday; work,No,SocksTexTights0,3095,2uXpSKSXayL8rWmwq,1
stockings,Gray,No,480,120,Gray,Gray,1x1,,Able Sisters,Available from either Mable's temporary shop or Able Sisters shop,All Year,No,1.0.0,Simple,everyday; work,No,SocksTexTights1,9655,LcGtPT8D5FAwyTDeH,1
stockings,White,No,480,120,White,White,1x1,,Able Sisters,Available from either Mable's temporary shop or Able Sisters shop,All Year,No,1.0.0,Simple,everyday; work,No,SocksTexTights2,9656,psXxbMdjsh7D9tHpQ,1
stockings,Brown,No,480,120,Brown,Brown,1x1,,Able Sisters,Available from either Mable's temporary shop or Able Sisters shop,All Year,No,1.0.0,Simple,everyday; work,No,SocksTexTights3,9657,GnwPZXALfY7WD3FZh,1
stockings,Beige,No,480,120,Beige,Beige,1x1,,Able Sisters,Available from either Mable's temporary shop or Able Sisters shop,All Year,Yes,1.0.0,Simple,everyday; work,No,SocksTexTights4,9658,BBH3W3NDeZqwSizDY,1
stretch leggings,Navy blue,No,450,112,Blue,Blue,1x1,,Able Sisters,Available from either Mable's temporary shop or Able Sisters shop,All Year,No,1.0.0,Simple,everyday; outdoorsy; sporty,No,SocksTexLeggings0,4744,ixedzMQJwA7Zif56r,1
stretch leggings,Gray,No,450,112,Gray,Gray,1x1,,Able Sisters,Available from either Mable's temporary shop or Able Sisters shop,All Year,Yes,1.0.0,Simple,everyday; outdoorsy; sporty,No,SocksTexLeggings1,9776,6H8evYPQyriD32JQg,1
stretch leggings,Dark gray,No,450,112,Gray,Gray,1x1,,Able Sisters,Available from either Mable's temporary shop or Able Sisters shop,All Year,Yes,1.0.0,Simple,everyday; outdoorsy; sporty,No,SocksTexLeggings2,9777,KSfWAQcAE6BqrYSRP,1
stretch leggings,White,No,450,112,White,White,1x1,,Able Sisters,Available from either Mable's temporary shop or Able Sisters shop,All Year,No,1.0.0,Simple,everyday; outdoorsy; sporty,No,SocksTexLeggings3,9778,ERLTKc3eKLSNLN9eZ,1
stretch leggings,Black,No,450,112,Black,Black,1x1,,Able Sisters,Available from either Mable's temporary shop or Able Sisters shop,All Year,Yes,1.0.0,Simple,everyday; outdoorsy; sporty,No,SocksTexLeggings4,9779,jW9cCN469obn7jucv,1
stretch leggings,Brown,No,450,112,Brown,Brown,1x1,,Able Sisters,Available from either Mable's temporary shop or Able Sisters shop,All Year,No,1.0.0,Simple,everyday; outdoorsy; sporty,No,SocksTexLeggings5,9780,SHRKAQav7w9yMQPag,1
stretch leggings,Green,No,450,112,Green,Green,1x1,,Able Sisters,Available from either Mable's temporary shop or Able Sisters shop,All Year,Yes,1.0.0,Simple,everyday; outdoorsy; sporty,No,SocksTexLeggings6,9781,9Z3ddEpG4AYFQxaEj,1
striped socks,Monotone,No,600,150,Black,White,1x1,,Able Sisters,Available from either Mable's temporary shop or Able Sisters shop,All Year,No,1.0.0,Simple,everyday; comfy,No,SocksTexBorder0,5199,t9tggbKqbrE7cm7ZY,1
striped socks,Light blue,No,600,150,Light blue,White,1x1,,Able Sisters,Available from either Mable's temporary shop or Able Sisters shop,All Year,No,1.0.0,Simple,everyday; comfy,No,SocksTexBorder1,6902,rbnvg68hfQu4YFrWn,1
striped socks,Green,No,600,150,Green,White,1x1,,Able Sisters,Available from either Mable's temporary shop or Able Sisters shop,All Year,No,1.0.0,Simple,everyday; comfy,No,SocksTexBorder2,9996,qSyP6Jt6tHYQR3vEN,1
striped socks,Yellow,No,600,150,Yellow,White,1x1,,Able Sisters,Available from either Mable's temporary shop or Able Sisters shop,All Year,No,1.0.0,Simple,everyday; comfy,No,SocksTexBorder3,9997,LxMR9hdCLhn7g2Y9D,1
striped socks,Orange,No,600,150,Orange,White,1x1,,Able Sisters,Available from either Mable's temporary shop or Able Sisters shop,All Year,No,1.0.0,Simple,everyday; comfy,No,SocksTexBorder4,9998,EoL5z2pvu3WkYoENu,1
striped socks,Red,No,600,150,Red,White,1x1,,Able Sisters,Available from either Mable's temporary shop or Able Sisters shop,All Year,No,1.0.0,Simple,everyday; comfy,No,SocksTexBorder5,9999,2ECQP2p6gd3d2Xiqq,1
striped socks,Purple,No,600,150,Purple,White,1x1,,Able Sisters,Available from either Mable's temporary shop or Able Sisters shop,All Year,No,1.0.0,Simple,everyday; comfy,No,SocksTexBorder6,10000,XXHrJMsWnq2SuvFGz,1
striped socks,Blue,No,600,150,Blue,White,1x1,,Able Sisters,Available from either Mable's temporary shop or Able Sisters shop,All Year,No,1.0.0,Simple,everyday; comfy,No,SocksTexBorder7,10001,v4aS6bX6iZQm5vbzM,1
striped tights,Red,No,720,180,Red,Black,1x1,,Able Sisters,Available from Able Sisters shop only,All Year,No,1.0.0,Gorgeous,party; theatrical,No,SocksTexStripe0,6045,PNMohFRGwDWXGQ7r9,1
striped tights,Gray,No,720,180,Gray,Black,1x1,,Able Sisters,Available from Able Sisters shop only,All Year,No,1.0.0,Gorgeous,party; theatrical,No,SocksTexStripe1,9937,fCNB87FXmS7cJJtkQ,1
striped tights,Pink,No,720,180,Pink,Black,1x1,,Able Sisters,Available from Able Sisters shop only,All Year,No,1.0.0,Gorgeous,party; theatrical,No,SocksTexStripe2,9938,GjSvq9AEsbSj4L4ct,1
striped tights,Light blue,No,720,180,Light blue,Black,1x1,,Able Sisters,Available from Able Sisters shop only,All Year,No,1.0.0,Gorgeous,party; theatrical,No,SocksTexStripe3,9939,ascM9HQW8zQ836QHZ,1
striped tights,Yellow,No,720,180,Yellow,Black,1x1,,Able Sisters,Available from Able Sisters shop only,All Year,No,1.0.0,Gorgeous,party; theatrical,No,SocksTexStripe4,9940,bxoHZt9xhQQAWnk6e,1
striped tights,Purple,No,720,180,Purple,Black,1x1,,Able Sisters,Available from Able Sisters shop only,All Year,No,1.0.0,Gorgeous,party; theatrical,No,SocksTexStripe5,9941,xjPhMuuZLe7g5nQux,1
striped tights,Green,No,720,180,Green,Black,1x1,,Able Sisters,Available from Able Sisters shop only,All Year,No,1.0.0,Gorgeous,party; theatrical,No,SocksTexStripe6,9942,vx83ey5MNpgbkw7d8,1
striped tights,Orange,No,720,180,Orange,Black,1x1,,Able Sisters,Available from Able Sisters shop only,All Year,No,1.0.0,Gorgeous,party; theatrical,No,SocksTexStripe7,9943,MFxpesNYcvptjTHHY,1
tabi,White,No,1200,300,White,White,1x1,,Able Sisters,Available from Able Sisters shop only,All Year,No,1.0.0,Simple,everyday; formal; party,No,SocksTexTabi0,4749,KfRLgXY6TYdMTrS8A,1
tabi,Black,No,1200,300,Black,Black,1x1,,Able Sisters,Available from Able Sisters shop only,All Year,No,1.0.0,Simple,everyday; formal; party,No,SocksTexTabi1,8929,iph2HdeGDjsBYj8Yx,1
tabi,Navy blue,No,1200,300,Blue,Blue,1x1,,Able Sisters,Available from Able Sisters shop only,All Year,No,1.0.0,Simple,everyday; formal; party,No,SocksTexTabi2,8930,brQgmrTHCaRLuxPrt,1
terry-cloth socks,Pink,No,600,150,Pink,White,1x1,,Able Sisters,Available from either Mable's temporary shop or Able Sisters shop,Winter,No,1.0.0,Cute,fairy tale; comfy,No,SocksTexFluffy0,5181,zG2c5nGSwNAtEYA24,1
terry-cloth socks,Purple,No,600,150,Purple,White,1x1,,Able Sisters,Available from either Mable's temporary shop or Able Sisters shop,Winter,No,1.0.0,Cute,fairy tale; comfy,No,SocksTexFluffy1,9979,kSPNXN3pQosJcuwgG,1
terry-cloth socks,Blue,No,600,150,Light blue,White,1x1,,Able Sisters,Available from either Mable's temporary shop or Able Sisters shop,Winter,No,1.0.0,Cute,fairy tale; comfy,No,SocksTexFluffy2,9980,hygdPjz55qgkjrdxz,1
terry-cloth socks,Green,No,600,150,Green,White,1x1,,Able Sisters,Available from either Mable's temporary shop or Able Sisters shop,Winter,No,1.0.0,Cute,fairy tale; comfy,No,SocksTexFluffy3,9981,J4oqoEe8hyEz9qBob,1
terry-cloth socks,Beige,No,600,150,Beige,White,1x1,,Able Sisters,Available from either Mable's temporary shop or Able Sisters shop,Winter,No,1.0.0,Cute,fairy tale; comfy,No,SocksTexFluffy4,9982,wtcZP59Bep5AdBvnW,1
terry-cloth socks,Red,No,600,150,Red,White,1x1,,Able Sisters,Available from either Mable's temporary shop or Able Sisters shop,Winter,No,1.0.0,Cute,fairy tale; comfy,No,SocksTexFluffy5,9983,bQKLrkboL3tGTmJ5i,1
terry-cloth socks,Gray,No,600,150,Gray,White,1x1,,Able Sisters,Available from either Mable's temporary shop or Able Sisters shop,Winter,No,1.0.0,Cute,fairy tale; comfy,No,SocksTexFluffy6,9984,oWyAYb3Tm9QD65J8v,1
tube socks,Blue,No,480,120,White,Blue,1x1,,Able Sisters,Available from either Mable's temporary shop or Able Sisters shop,All Year,No,1.0.0,Simple,everyday; outdoorsy; sporty,No,SocksTexLine0,4746,xoupDJWYgiuYScJjP,1
tube socks,Orange,No,480,120,White,Orange,1x1,,Able Sisters,Available from either Mable's temporary shop or Able Sisters shop,All Year,Yes,1.0.0,Simple,everyday; outdoorsy; sporty,No,SocksTexLine1,9966,uKZ6dMzWnvFWRds6j,1
tube socks,Green,No,480,120,White,Green,1x1,,Able Sisters,Available from either Mable's temporary shop or Able Sisters shop,All Year,No,1.0.0,Simple,everyday; outdoorsy; sporty,No,SocksTexLine2,9967,jSogLE7tMPqgbgYqm,1
tube socks,Red,No,480,120,White,Red,1x1,,Able Sisters,Available from either Mable's temporary shop or Able Sisters shop,All Year,No,1.0.0,Simple,everyday; outdoorsy; sporty,No,SocksTexLine3,9968,R5s3b5xWWYSfshCR2,1
tube socks,Navy blue,No,480,120,Gray,Blue,1x1,,Able Sisters,Available from either Mable's temporary shop or Able Sisters shop,All Year,No,1.0.0,Simple,everyday; outdoorsy; sporty,No,SocksTexLine4,9969,BuvT97X2dh9FY2BYf,1
tube socks,Berry red,No,480,120,Gray,Red,1x1,,Able Sisters,Available from either Mable's temporary shop or Able Sisters shop,All Year,No,1.0.0,Simple,everyday; outdoorsy; sporty,No,SocksTexLine5,9970,5KWePAFBtAZXKMZk2,1
tube socks,Dark green,No,480,120,Gray,Green,1x1,,Able Sisters,Available from either Mable's temporary shop or Able Sisters shop,All Year,No,1.0.0,Simple,everyday; outdoorsy; sporty,No,SocksTexLine6,9971,t9Q2Hk6RbHFt7ph5t,1
tube socks,Purple,No,480,120,Gray,Purple,1x1,,Able Sisters,Available from either Mable's temporary shop or Able Sisters shop,All Year,No,1.0.0,Simple,everyday; outdoorsy; sporty,No,SocksTexLine7,9972,PnoczFigxSjbCZwA2,1
ultra no-show socks,Blue,No,480,120,Blue,Blue,1x1,,Able Sisters,Available from either Mable's temporary shop or Able Sisters shop,All Year,No,1.0.0,Simple,everyday; outdoorsy; sporty,No,SocksTexFootcover0,5167,EMiBarZr7cxvEFmmF,1
ultra no-show socks,Pink,No,480,120,Pink,Pink,1x1,,Able Sisters,Available from either Mable's temporary shop or Able Sisters shop,All Year,No,1.0.0,Simple,everyday; outdoorsy; sporty,No,SocksTexFootcover1,10010,2ifRj79NaD3X4wXAR,1
ultra no-show socks,Brown,No,480,120,Brown,Brown,1x1,,Able Sisters,Available from either Mable's temporary shop or Able Sisters shop,All Year,No,1.0.0,Simple,everyday; outdoorsy; sporty,No,SocksTexFootcover2,10011,ddE25Lais494tdxrR,1
ultra no-show socks,Olive,No,480,120,Green,Green,1x1,,Able Sisters,Available from either Mable's temporary shop or Able Sisters shop,All Year,No,1.0.0,Simple,everyday; outdoorsy; sporty,No,SocksTexFootcover3,10012,rQG8qATgfDzfi392j,1
ultra no-show socks,Green,No,480,120,Green,Green,1x1,,Able Sisters,Available from either Mable's temporary shop or Able Sisters shop,All Year,No,1.0.0,Simple,everyday; outdoorsy; sporty,No,SocksTexFootcover4,10013,wKeAGu8o4PcjQ47EF,1
ultra no-show socks,Purple,No,480,120,Purple,Purple,1x1,,Able Sisters,Available from either Mable's temporary shop or Able Sisters shop,All Year,No,1.0.0,Simple,everyday; outdoorsy; sporty,No,SocksTexFootcover5,10014,2KsDq7dXnzAhT6YqC,1
ultra no-show socks,Black,No,480,120,Black,Black,1x1,,Able Sisters,Available from either Mable's temporary shop or Able Sisters shop,All Year,No,1.0.0,Simple,everyday; outdoorsy; sporty,No,SocksTexFootcover6,10015,oCkrAgFbomNriMJY3,1
ultra no-show socks,White,No,480,120,White,White,1x1,,Able Sisters,Available from either Mable's temporary shop or Able Sisters shop,All Year,No,1.0.0,Simple,everyday; outdoorsy; sporty,No,SocksTexFootcover7,10016,oMaoadYMsSq69Wwim,1
vivid leggings,Light blue,No,450,112,Light blue,Light blue,1x1,,Able Sisters,Available from Able Sisters shop only,All Year,No,1.0.0,Simple,outdoorsy; party; theatrical,No,SocksTexVividleggings0,9585,DGfxSf7iWuTH9AZ8c,1
vivid leggings,Purple,No,450,112,Purple,Purple,1x1,,Able Sisters,Available from Able Sisters shop only,All Year,No,1.0.0,Simple,outdoorsy; party; theatrical,No,SocksTexVividleggings1,9801,jvyWa8Rsq8xuwyRZf,1
vivid leggings,Red,No,450,112,Red,Red,1x1,,Able Sisters,Available from Able Sisters shop only,All Year,No,1.0.0,Simple,outdoorsy; party; theatrical,No,SocksTexVividleggings2,9802,srfYPBLHS6M55HMho,1
vivid leggings,Pink,No,450,112,Pink,Pink,1x1,,Able Sisters,Available from Able Sisters shop only,All Year,No,1.0.0,Simple,outdoorsy; party; theatrical,No,SocksTexVividleggings3,9803,hPKNndPanerKb6ZNS,1
vivid leggings,Blue,No,450,112,Blue,Blue,1x1,,Able Sisters,Available from Able Sisters shop only,All Year,No,1.0.0,Simple,outdoorsy; party; theatrical,No,SocksTexVividleggings4,9804,bY3ozoCphnPNSk9n2,1
vivid leggings,Yellow,No,450,112,Yellow,Yellow,1x1,,Able Sisters,Available from Able Sisters shop only,All Year,No,1.0.0,Simple,outdoorsy; party; theatrical,No,SocksTexVividleggings5,9805,4NsYzSi2uTXWPcfS9,1
vivid leggings,Green,No,450,112,Green,Green,1x1,,Able Sisters,Available from Able Sisters shop only,All Year,No,1.0.0,Simple,outdoorsy; party; theatrical,No,SocksTexVividleggings6,9806,wdaxnZxvxHNHFRKWD,1
vivid leggings,Orange,No,450,112,Orange,Orange,1x1,,Able Sisters,Available from Able Sisters shop only,All Year,No,1.0.0,Simple,outdoorsy; party; theatrical,No,SocksTexVividleggings7,9807,yanC6fx5Xfpr7ihup,1
vivid socks,Green,No,480,120,Green,Green,1x1,,Able Sisters,Available from Able Sisters shop only,All Year,No,1.0.0,Simple,everyday; party; theatrical,No,SocksTexStandard1,6898,XbHAbJtk9itLL6dyw,1
vivid socks,Red,No,480,120,Red,Red,1x1,,Able Sisters,Available from Able Sisters shop only,All Year,No,1.0.0,Simple,everyday; party; theatrical,No,SocksTexVividsocks0,9643,Rxro87k8H8TrwQXPd,1
vivid socks,Light blue,No,480,120,Light blue,Light blue,1x1,,Able Sisters,Available from Able Sisters shop only,All Year,No,1.0.0,Simple,everyday; party; theatrical,No,SocksTexVividsocks2,10021,sFiwGiyfM7W228Rgj,1
vivid socks,Blue,No,480,120,Blue,Blue,1x1,,Able Sisters,Available from Able Sisters shop only,All Year,No,1.0.0,Simple,everyday; party; theatrical,No,SocksTexVividsocks3,10022,XyvJ9o2uNuE5aD7cp,1
vivid socks,Purple,No,480,120,Purple,Purple,1x1,,Able Sisters,Available from Able Sisters shop only,All Year,No,1.0.0,Simple,everyday; party; theatrical,No,SocksTexVividsocks4,10023,FnwWCqqFdcHhjk3oc,1
vivid socks,Pink,No,480,120,Pink,Pink,1x1,,Able Sisters,Available from Able Sisters shop only,All Year,No,1.0.0,Simple,everyday; party; theatrical,No,SocksTexVividsocks5,10024,zyPHqnaxf97p8Eoi7,1
vivid socks,Orange,No,480,120,Orange,Orange,1x1,,Able Sisters,Available from Able Sisters shop only,All Year,No,1.0.0,Simple,everyday; party; theatrical,No,SocksTexVividsocks6,10025,JEsGza6asSbSafpny,1
vivid socks,Yellow,No,480,120,Yellow,Yellow,1x1,,Able Sisters,Available from Able Sisters shop only,All Year,No,1.0.0,Simple,everyday; party; theatrical,No,SocksTexVividsocks7,10026,TFPJBkLBn2W6qvHBg,1
vivid tights,Light blue,No,720,180,Light blue,Light blue,1x1,,Able Sisters,Available from Able Sisters shop only,All Year,No,1.0.0,Simple,party; theatrical,No,SocksTexVividtights0,9582,yamdxgmHzN5NEB4FX,1
vivid tights,Purple,No,720,180,Purple,Purple,1x1,,Able Sisters,Available from Able Sisters shop only,All Year,No,1.0.0,Simple,party; theatrical,No,SocksTexVividtights1,9687,BwdAj9CGve2HkyoD6,1
vivid tights,Red,No,720,180,Red,Red,1x1,,Able Sisters,Available from Able Sisters shop only,All Year,No,1.0.0,Simple,party; theatrical,No,SocksTexVividtights2,9688,8jhmSZM88ZfjBfpGq,1
vivid tights,Pink,No,720,180,Pink,Pink,1x1,,Able Sisters,Available from Able Sisters shop only,All Year,No,1.0.0,Simple,party; theatrical,No,SocksTexVividtights3,9689,sG3bNkRZwchoYdELC,1
vivid tights,Blue,No,720,180,Blue,Blue,1x1,,Able Sisters,Available from Able Sisters shop only,All Year,No,1.0.0,Simple,party; theatrical,No,SocksTexVividtights4,9690,a5TeestnouHpJzfS5,1
vivid tights,Yellow,No,720,180,Yellow,Yellow,1x1,,Able Sisters,Available from Able Sisters shop only,All Year,No,1.0.0,Simple,party; theatrical,No,SocksTexVividtights5,9691,aNew9qmcaiXhYs4TP,1
vivid tights,Green,No,720,180,Green,Green,1x1,,Able Sisters,Available from Able Sisters shop only,All Year,No,1.0.0,Simple,party; theatrical,No,SocksTexVividtights6,9692,zJDaR6fzSJnk3fP6q,1
vivid tights,Orange,No,720,180,Orange,Orange,1x1,,Able Sisters,Available from Able Sisters shop only,All Year,Yes,1.0.0,Simple,party; theatrical,No,SocksTexVividtights7,9693,yto8H9GL63QbRHstv,1
wave-print socks,Blue,No,600,150,Blue,Light blue,1x1,,Kicks,,All Year,No,1.0.0,Cool,everyday,No,SocksTexWave0,5813,dH74WoutZotxbpzxx,1
wave-print socks,Brown,No,600,150,Brown,Beige,1x1,,Kicks,,All Year,No,1.0.0,Cool,everyday,No,SocksTexWave1,9933,PL58yC9hm87C7NE4u,1
wave-print socks,Purple,No,600,150,Purple,Pink,1x1,,Kicks,,All Year,No,1.0.0,Cool,everyday,No,SocksTexWave2,9934,Fodq95rD9FYWdxTWD,1
wave-print socks,Green,No,600,150,Green,Green,1x1,,Kicks,,All Year,No,1.0.0,Cool,everyday,No,SocksTexWave3,9935,ivn7QK5oi2HAJjocA,1
wave-print socks,Gray,No,600,150,Black,Gray,1x1,,Kicks,,All Year,No,1.0.0,Cool,everyday,No,SocksTexWave4,9936,pbQLWsjHhC4KZ9RrK,1
