Name,VFX,DIY,Buy,Sell,Color 1,Color 2,Miles Price,Source,Source Notes,Version,HHA Concept 1,HHA Concept 2,HHA Series,Tag,Filename,Internal ID,Unique Entry ID,Purchasable
aqua tile flooring,No,No,900,225,Light blue,Light blue,,Nook's Cranny,,1.0.0,bathroom,facility,None,Tile Floors,RoomTexFloorTile01,5036,JmNGqRhEow3PH7bgk,1
arabesque flooring,No,No,2120,530,Black,Gray,,Nook's Cranny,,1.0.0,expensive,living room,None,Cloth Floors,RoomTexFloorArabesque00,4953,4dabyuetmZD5dDdCH,1
arched-brick flooring,No,No,1100,275,Brown,Brown,,Nook's Cranny,,1.0.0,facility,shop,None,Arched Brick,RoomTexFloorArchBrick00,4998,CSPoYJzCnzWjqWrj5,1
argyle tile flooring,No,No,1750,437,White,Beige,,Nook's Cranny,,1.0.0,bathroom,facility,None,Tile Floors,RoomTexFloorTileWood00,4994,BH8PqRSou2XjQ8ppQ,1
artsy parquet flooring,No,No,1800,450,Beige,Beige,,Nook's Cranny,,1.0.0,facility,shop,None,Simple Parquet,RoomTexFloorParquetArt00,5232,fbfCzw546bWEF95Aq,1
backyard lawn,No,Yes,NFS,600,Green,Green,,Crafting,,1.0.0,garden,None,None,Grassland,RoomTexFloorLawn00,4979,kANgKb2s4a6pMSjnd,0
bamboo flooring,No,Yes,NFS,2400,Green,Beige,,Crafting,,1.0.0,zen-style,None,bamboo,Nature - Green,RoomTexFloorBamboo00,4964,gMeLjZdPobbrt58sT,0
basement flooring,No,Yes,NFS,1500,Gray,Gray,,Crafting,,1.0.0,horror,facility,None,Stone Floors,RoomTexFloorBasement00,4797,DgaMSqGEyko87dD3H,0
beige desert-tile flooring,No,No,2100,525,Beige,White,,Nook's Cranny,,1.0.0,bathroom,facility,None,Morocco,RoomTexFloorMorocco00,4965,yhH3pNWq8L8j48tHW,1
berry-chocolates flooring,No,No,3000,750,Pink,Pink,,Saharah,,1.0.0,fancy,None,None,Chocolate,RoomTexFloorChocolate02,5053,E7Mfi6saTnBEgW6o8,0
birch flooring,No,No,800,200,White,White,,Nook's Cranny,,1.0.0,living room,child's room,None,Wood Floors,RoomTexFloorBirch00,5032,2tg7thFuaxAAiDTsv,1
black iron-parquet flooring,No,No,2350,587,Black,White,,Nook's Cranny,,1.0.0,expensive,living room,None,Iron Parquet,RoomTexFloorParquetIron02,5066,24iNYeWLqkR2juaqx,1
black-brick flooring,No,No,1040,260,Black,Black,,Nook's Cranny,,1.0.0,facility,shop,None,Brick,RoomTexFloorBrick02,4976,9KuQFNKWxmCH4Wmvh,1
blue camo flooring,No,No,1320,330,Blue,Blue,,Nook's Cranny,,1.0.0,party,child's room,None,Camouflage,RoomTexFloorCamouflage01,5016,bGQTqfoWhW5TNdLM9,1
blue desert-tile flooring,No,No,2100,525,Blue,White,,Nook's Cranny,,1.0.0,bathroom,facility,None,Morocco,RoomTexFloorMorocco01,4966,zJsrCJgAeFsymNzjq,1
blue dot flooring,No,No,800,200,Blue,Light blue,,Nook's Cranny,,1.0.0,fancy,child's room,None,Dot,RoomTexFloorDot04,5028,cpSuDLw7NNyxB5fCs,1
blue floral flooring,No,No,1520,380,Blue,Blue,,Nook's Cranny,,1.0.0,shop,living room,None,Deco Wood,RoomTexFloorDecoWood01,5074,XMaNPpWPhwfMY6L5G,1
blue honeycomb tile,No,No,1420,355,Blue,Blue,,Nook's Cranny,,1.0.0,bathroom,facility,None,Honeycomb,RoomTexFloorHoneycomb01,5040,rYSDNLpsxE2ec3g9W,1
blue mosaic-tile flooring,No,No,900,225,Blue,Blue,,Nook's Cranny,,1.0.0,bathroom,facility,None,Tile Floors,RoomTexFloorTile03,6846,y7utgb97MDffD3CWY,1
blue rubber flooring,No,No,850,212,Blue,Light blue,,Nook's Cranny,,1.0.0,fitness,school,None,Rubber,RoomTexFloorRubber01,4954,4q43QAcimMHbzK76v,1
blue-paint flooring,No,No,1040,260,Light blue,White,,Nook's Cranny,,1.0.0,fancy,child's room,None,Painted Wood,RoomTexFloorPaintWood00,5057,gNCxEi69JzcmxXbxL,1
boxing-ring mat,No,No,3000,750,Blue,Blue,,Saharah,,1.0.0,fitness,None,None,Sports Floor,RoomTexFloorWrestling00,4982,45uLswcK6NpGkiLNj,0
brown argyle-tile flooring,No,No,1440,360,Brown,Brown,,Nook's Cranny,,1.0.0,expensive,facility,None,Argyle,RoomTexFloorArgyleTile01,5081,yBoSKBz6zX8i5upzp,1
brown floral flooring,No,No,1520,380,Brown,White,,Nook's Cranny,,1.0.0,shop,living room,None,Deco Wood,RoomTexFloorDecoWood02,5075,xY7NHtsvYjKMbACLu,1
brown honeycomb tile,No,No,1420,355,Brown,Brown,,Nook's Cranny,,1.0.0,bathroom,facility,None,Honeycomb,RoomTexFloorHoneycomb00,5038,ZpkkHEE23YB7QNvHx,1
brown iron-parquet flooring,No,No,2350,587,Beige,Beige,,Nook's Cranny,,1.0.0,expensive,living room,None,Iron Parquet,RoomTexFloorParquetIron01,5065,n48DyFP2iimp68t9Y,1
brown wedding flooring,,No,3000,750,None,None,,Wedding Season,,1.2.0,party,expensive,wedding,Tile Floors,RoomTexFloorMarbleTile01,12433,hmyWP64oXEsMwBPua,0
brown-brick flooring,No,No,1040,260,Brown,Brown,,Nook's Cranny,,1.0.0,facility,shop,None,Brick,RoomTexFloorBrick03,6849,pjTr8dw3cyN8eeZYv,1
Bunny Day flooring,No,Yes,NFS,4800,None,None,,Crafting,,1.1.0,fancy,child's room,Bunny Day,Dot,RoomTexFloorEaster00,12423,Q9QJSyTM3AzAWLBvD,0
camo flooring,No,No,1320,330,Black,Green,,Nook's Cranny,,1.0.0,party,child's room,None,Camouflage,RoomTexFloorCamouflage00,5015,DuqT3X6msNdXFvLHi,1
cherry-blossom flooring,No,Yes,NFS,4400,Pink,Pink,,Crafting,,1.0.0,garden,fancy,cherry blossoms,Nature - Fallen Leaves,RoomTexFloorSakura00,7204,ZhWmRmGQN5gZCao4y,0
circuit-board flooring,No,No,3000,750,Green,Green,,Saharah,,1.0.0,facility,None,None,Machine Floor,RoomTexFloorGeek00,5082,mqiB9cY9EEtRXQoFS,0
cloud flooring,Yes,No,3000,750,White,White,,Saharah,,1.0.0,fancy,None,None,Special Nature Floors,RoomSpFloorCloud00,5267,Gp6CWrou6RqPRPLH3,0
colored-leaves flooring,No,Yes,NFS,4300,Orange,Orange,,Crafting,,1.0.0,garden,None,tree's bounty or leaves,Nature - Fallen Leaves,RoomTexFloorAutumun00,4990,ZNpkS7gSLvRFR3qv4,0
colorful mosaic-tile flooring,No,No,900,225,Colorful,White,,Nook's Cranny,,1.0.0,bathroom,facility,None,Tile Floors,RoomTexFloorTile02,5037,FMtGXChPSm2y6edqK,1
colorful puzzle flooring,No,No,1450,362,Colorful,Colorful,,Nook's Cranny,,1.0.0,fancy,child's room,None,Puzzle Mat,RoomTexFloorPuzzleMat01,4957,snnsfZxLf3bLFCmSD,1
colorful tile flooring,No,No,1620,405,Colorful,Colorful,,Nook's Cranny,,1.0.0,living room,child's room,None,Panel,RoomTexFloorPanel01,5068,ANgxpCY6rprKk56wT,1
common flooring,No,No,720,180,Brown,Brown,,Nook's Cranny,,1.0.0,living room,school,None,Wood Floors,RoomTexFloorCommon00,5018,GQX6Cd7FiDHBwkfAv,1
concrete flooring,No,No,820,205,Gray,Gray,,Nook's Cranny,,1.0.0,garage,facility,None,Stone Floors,RoomTexFloorConcrete00,4951,r6hpZDG5eaceYuE3x,1
construction-site flooring,No,No,3000,750,Brown,White,,Saharah,,1.0.0,garage,facility,None,Sidewalk,RoomTexFloorConstruction00,5235,25pmfNgicXrDwQhZ9,0
cool vinyl flooring,No,No,1150,287,Blue,Gray,,Nook's Cranny,,1.0.0,expensive,None,None,Tile Checker,RoomTexFloorTileChecker03,6844,RpwPS8ETt7nPHGTqR,1
cool-paint flooring,No,No,2200,550,Colorful,Colorful,,Nook's Cranny,,1.0.0,fancy,child's room,None,Colorful Wood,RoomTexFloorColorfulWood01,5071,P5vNHW2McCcqGk2Ru,1
cork flooring,No,No,1500,375,Beige,Beige,,Nook's Cranny,,1.0.0,school,music,None,Wood Floors,RoomTexFloorCork00,4969,YSWAiTZFDQXzbH8xM,1
crop-circles flooring,No,No,3000,750,Green,Green,,Saharah,,1.0.0,garden,None,None,Nature - Green,RoomTexFloorCropCircles00,5243,zvSD2W9Wsxs2wX82T,0
crosswalk flooring,No,No,3000,750,Beige,Black,,Saharah,,1.0.0,facility,None,None,Sidewalk,RoomTexFloorSidewalk00,5007,DpkSGAyAuXwcmKcYT,0
cubic parquet flooring,No,No,1500,375,Orange,Orange,,Nook's Cranny,,1.0.0,living room,child's room,None,Simple Parquet,RoomTexFloorHoneycombWood00,4987,pTqSAheGagvxyCivv,1
cute blue-tile flooring,No,No,780,195,Blue,Blue,,Nook's Cranny,,1.0.0,fancy,child's room,None,Tile Floors,RoomTexFloorCute02,7221,QsGtuf59hbErv942T,1
cute red-tile flooring,No,No,780,195,Red,Pink,,Nook's Cranny,,1.0.0,fancy,child's room,None,Tile Floors,RoomTexFloorCute01,7220,TmfKeSsDh7FMpA6jG,1
cute white-tile flooring,No,No,780,195,White,White,,Nook's Cranny,,1.0.0,fancy,child's room,None,Tile Floors,RoomTexFloorCute00,7219,bXxKjx8AJp7PRKLZA,1
cute yellow-tile flooring,No,No,780,195,Yellow,Yellow,,Nook's Cranny,,1.0.0,fancy,child's room,None,Tile Floors,RoomTexFloorCute03,7222,CSeg3aQXkhPjwXSJS,1
cute-paint flooring,No,No,2200,550,Pink,Orange,,Nook's Cranny,,1.0.0,fancy,child's room,None,Colorful Wood,RoomTexFloorColorfulWood00,5070,W6ohXRHoCKsN4YLB8,1
daisy meadow,No,No,3000,750,Green,Green,,Saharah,,1.0.0,garden,None,None,Grassland,RoomTexFloorGrassland00,5005,3wxzHxXFvLCZ9CKg2,0
dark herringbone flooring,No,No,1200,300,Brown,Brown,,Nook's Cranny,,1.0.0,living room,shop,None,Herringbone,RoomTexFloorHerringbone01,5062,B2ZTCrRr7jnNR2ovs,1
dark parquet flooring,No,No,1560,390,Black,Gray,,Nook's Cranny,,1.0.0,living room,None,None,Country,RoomTexFloorCountry01,5025,rco8xXCvWkLSFYCRA,1
dark wood-pattern flooring,No,No,1500,375,Black,Black,,Nook's Cranny,,1.0.0,living room,shop,None,Simple Parquet,RoomTexFloorSimpleParquet01,4992,XtDikpNN55jn8zrja,1
dark-block flooring,No,No,1380,345,Brown,Brown,,Nook's Cranny,,1.0.0,school,None,None,Parquet,RoomTexFloorParquet01,5035,Brfw5JnsZKhxqhWYf,1
dark-chocolates flooring,No,No,3000,750,Brown,Brown,,Saharah,,1.0.0,fancy,None,None,Chocolate,RoomTexFloorChocolate00,5050,hyLXZQ7stKXetPcQv,0
dig-site flooring,No,No,3000,750,Brown,Beige,,Saharah,,1.0.0,garden,horror,None,Nature - Brown,RoomTexFloorStratum00,5011,4niZnD4Hiwrg9tF2G,0
dirt flooring,No,No,3000,750,Brown,Black,,Saharah,,1.0.0,garden,outdoors,None,Nature - Brown,RoomTexFloorCottonSoil00,4981,LYgxhvWvyPWAzWieZ,0
field flooring,No,No,3000,750,Brown,Brown,,Saharah,,1.0.0,garden,None,None,Nature - Brown,RoomTexFloorFarm00,4980,2zmEMZxmYHHNEGTQR,0
flagstone flooring,No,No,1700,425,Beige,Beige,,Nook's Cranny,,1.0.0,shop,facility,None,Stone Floors,RoomTexFloorFlagStone00,5031,NtuoKtiMbKoiY2xoy,1
floral mosaic-tile flooring,No,No,1080,270,White,White,,Nook's Cranny,,1.0.0,bathroom,facility,None,Tile Floors,RoomTexFloorMosaicTile00,4993,5wjjJXuu2A9EYJGgf,1
floral rush-mat flooring,No,No,3000,750,White,White,,Saharah,,1.0.0,fancy,zen-style,None,Japanese Style,RoomTexFloorRush00,4977,f9aYRhv4CwtmsYPNS,0
flowing-river flooring,Yes,No,3000,750,Gray,Light blue,,Saharah,,1.0.0,garden,None,None,Special Nature Floors,RoomSpFloorRiver00,5273,2EL3sCGxkgTQj533G,0
forest flooring,No,Yes,NFS,35000,Brown,Brown,,Crafting,,1.0.0,garden,horror,mush,Nature - Fallen Leaves,RoomTexFloorMushForest00,7186,ec3NaTs5Pk8z6HCC6,0
future-tech flooring,Yes,No,3000,750,Black,Black,,Saharah,,1.0.0,horror,folk art,None,Special Inorganic Floors,RoomSpFloorTechnology00,5250,eZweMfrfieMDtihv7,0
galaxy flooring,No,Yes,NFS,7500,Blue,Blue,,Crafting,,1.0.0,space,None,None,Special Nature Floors,RoomSpFloorGalaxy00,5269,XhFQDs3H9uCdikzkW,0
garbage-heap flooring,No,Yes,NFS,120,White,White,,Crafting,,1.0.0,horror,garage,None,Decadence,RoomTexFloorGarbage00,5236,iY9f7H5NjXBxxB6HQ,0
giraffe-print flooring,No,No,1300,325,Beige,Beige,,Nook's Cranny,,1.0.0,party,fancy,None,Animal Floor,RoomTexFloorAnimal01,4961,umJmHnuMQRMEeXB7Y,1
gold iron-parquet flooring,No,No,2350,587,Beige,Beige,,Nook's Cranny,,1.0.0,expensive,living room,None,Iron Parquet,RoomTexFloorParquetIron00,5064,R7g62hAfWLaJ2muuy,1
golden flooring,No,Yes,NFS,40000,Yellow,Yellow,,Crafting,,1.0.0,expensive,horror,golden,Luxury,RoomTexFloorGold00,5021,YrHA4R4RmkJLeYvJy,0
gravel flooring,No,No,3000,750,Gray,Gray,,Saharah,,1.0.0,garden,facility,None,Stone Floors,RoomTexFloorGravel00,4978,9jLaEjCCsiMHGLf9Y,0
gray argyle-tile flooring,No,No,1440,360,Gray,White,,Nook's Cranny,,1.0.0,expensive,facility,None,Argyle,RoomTexFloorArgyleTile00,5080,L5HHMxTjeAv2hLukh,1
gray vinyl flooring,No,No,1150,287,Gray,White,,Nook's Cranny,,1.0.0,expensive,None,None,Tile Checker,RoomTexFloorTileChecker00,5046,hazZe9YtvTt7T8WJD,1
green floral flooring,No,No,1520,380,Green,Green,,Nook's Cranny,,1.0.0,shop,living room,None,Deco Wood,RoomTexFloorDecoWood03,6847,AaKjHGFteG5h2GBQn,1
green honeycomb tile,No,No,1420,355,Green,Green,,Nook's Cranny,,1.0.0,bathroom,facility,None,Honeycomb,RoomTexFloorHoneycomb02,5041,3T2nKNCHMxxQXkucQ,1
green retro flooring,No,No,1540,385,Green,Green,,Nook's Cranny,,1.0.0,kitchen,shop,None,Kitchen Floors,RoomTexFloorKitchen01,5045,RRFkhjtia4ayJy2cH,1
green rubber flooring,No,No,850,212,Green,Green,,Nook's Cranny,,1.0.0,fitness,school,None,Rubber,RoomTexFloorRubber00,4952,raqdEHfoLLbgfxpcR,1
green vinyl flooring,No,No,1150,287,Green,White,,Nook's Cranny,,1.0.0,expensive,None,None,Tile Checker,RoomTexFloorTileChecker02,5048,zBGakmC9vX4Epuduf,1
green wedding flooring,,No,3000,750,None,None,,Wedding Season,,1.2.0,party,expensive,wedding,Tile Floors,RoomTexFloorMarbleTile02,12434,uhmt88jsXSHpkqswZ,0
green-paint flooring,No,No,1040,260,Green,Green,,Nook's Cranny,,1.0.0,fancy,child's room,None,Painted Wood,RoomTexFloorPaintWood01,5058,ZdsDu7KBmtngBLoe4,1
hexagonal floral flooring,No,No,860,215,White,White,,Nook's Cranny,,1.0.0,zen-style,shop,None,Tile Floors,RoomTexFloorHempTile00,4972,6frp588zeZqeDBSvp,1
highway flooring,No,No,3000,750,Gray,Beige,,Saharah,,1.0.0,facility,None,None,Sidewalk,RoomTexFloorHighway00,5237,wrqigm79Kx7xbhPcb,0
honeycomb flooring,No,Yes,NFS,3000,Yellow,Yellow,,Crafting,,1.0.0,fancy,facility,None,Neta,RoomTexFloorHoney00,4999,Yi7YJpRkuc2DYxypg,0
ice flooring,Yes,Yes,NFS,8200,Light blue,Light blue,,Crafting,,1.0.0,freezing cold,facility,frozen,Special Nature Floors,RoomSpFloorIce00,5516,J63DSTu7u4tnwgLfR,0
iceberg flooring,Yes,Yes,NFS,4000,White,Light blue,,Crafting,,1.0.0,freezing cold,None,None,Special Nature Floors,RoomSpFloorIceFloe00,5253,7unCfS99xyM3swHCz,0
imperial tile,No,No,3000,750,White,Gray,,Saharah,,1.0.0,expensive,None,None,Luxury,RoomTexFloorDynasty00,5012,n4zrzvMvJmXvpMTCw,0
jointed-mat flooring,No,No,1050,262,Beige,Beige,,Nook's Cranny,,1.0.0,school,child's room,None,Cloth Floors,RoomTexFloorJointMat00,4955,RfPqDKHG6QR5FhwXY,1
jungle flooring,No,Yes,NFS,2200,Green,Green,,Crafting,,1.0.0,garden,facility,None,Nature - Green,RoomTexFloorJungle00,5515,QrdicpjjuY4mBd37e,0
kitschy tile,No,No,1280,320,Pink,White,,Nook's Cranny,,1.0.0,party,None,None,Tile Floors,RoomTexFloorKitschTile00,5076,uWKchyhWgNxTxDikd,1
lava flooring,Yes,No,3000,750,Black,Orange,,Saharah,,1.0.0,horror,None,None,Special Inorganic Floors,RoomSpFloorVolcano00,5274,uT9YnwivAEZ938FKB,0
leopard-print flooring,No,No,1300,325,Orange,Brown,,Nook's Cranny,,1.0.0,party,fancy,None,Animal Floor,RoomTexFloorAnimal00,4959,GsWLFhWAiRsNrY2XC,1
light herringbone flooring,No,No,1200,300,Beige,Beige,,Nook's Cranny,,1.0.0,living room,shop,None,Herringbone,RoomTexFloorHerringbone00,5061,GQXNBcZoQRYRyRYGP,1
light parquet flooring,No,No,1560,390,Beige,Brown,,Nook's Cranny,,1.0.0,living room,shop,None,Country,RoomTexFloorCountry00,5022,HqokjwEnZtgcjNSgH,1
light wood-pattern flooring,No,No,1500,375,Beige,Beige,,Nook's Cranny,,1.0.0,living room,shop,None,Simple Parquet,RoomTexFloorSimpleParquet00,4991,osG5BdoAX86kEitnu,1
lobby flooring,No,No,3000,750,Purple,Black,,Saharah,,1.0.0,facility,party,None,Cloth Floors,RoomTexFloorLobby00,5034,nQCnxLKNXAQ7JqtyB,0
lunar surface,No,Yes,NFS,7500,White,Gray,,Crafting,,1.0.0,space,None,stars,Nature - White,RoomTexFloorLunar00,4968,n8j4WToan9efgnJDM,0
marine pop flooring,No,No,2020,505,Blue,Blue,,Nook's Cranny,,1.0.0,child's room,fancy,None,Cloth Floors,RoomTexFloorFishPop00,5024,yajaXefi94Mx32KAy,1
mint dot flooring,No,No,800,200,Green,Green,,Nook's Cranny,,1.0.0,fancy,child's room,None,Dot,RoomTexFloorDot01,5026,CCEfvKqoZ7TQXWFqM,1
modern wood flooring,No,No,1280,320,Brown,Brown,,Nook's Cranny,,1.0.0,living room,child's room,None,Wood Floors,RoomTexFloorMixwood00,5044,jBLBPkiSgmkL52L5n,1
money flooring,No,Yes,NFS,25000,White,White,,Crafting,,1.0.0,expensive,None,None,Decadence,RoomTexFloorBill00,4986,M9tBbGtQcTpPWCGeQ,0
monochromatic dot flooring,No,No,800,200,Gray,White,,Nook's Cranny,,1.0.0,fancy,child's room,None,Dot,RoomTexFloorDot00,5023,CJ6ukTuEqDXvFx5kM,1
monochromatic tile flooring,No,No,1620,405,Black,White,,Nook's Cranny,,1.0.0,den,living room,None,Panel,RoomTexFloorPanel00,5067,wyRDyuntjJqsgxEvz,1
mossy-garden flooring,No,No,3000,750,Green,Green,,Saharah,,1.0.0,zen-style,garden,None,Nature - Green,RoomTexFloorMoss00,5234,3KGLDP2eT6i3A7jaw,0
natural-block flooring,No,No,1380,345,Brown,Beige,,Nook's Cranny,,1.0.0,school,None,None,Parquet,RoomTexFloorParquet00,5033,BaHnYrekt2ngfWeCQ,1
Nook Inc. flooring,No,No,NFS,6000,Brown,Brown,1200.0,Nook Miles Shop,,1.0.0,school,shop,None,Wood Floors,RoomTexFloorFirst00,6005,tHvrMW72TDM3ezhRx,0
oasis flooring,Yes,No,3000,750,Beige,Light blue,,Saharah,,1.0.0,garden,folk art,None,Special Inorganic Floors,RoomSpFloorOasis00,5255,Apr3HrqodwkiBk5ZQ,0
olive desert-tile flooring,No,No,2100,525,Yellow,Brown,,Nook's Cranny,,1.0.0,bathroom,facility,None,Morocco,RoomTexFloorMorocco03,6928,LwaiMzRi8kw2Xw35j,1
orange camo flooring,No,No,1320,330,Orange,Orange,,Nook's Cranny,,1.0.0,party,child's room,None,Camouflage,RoomTexFloorCamouflage03,6845,e2cw6YYcpWZdfH38F,1
orange retro flooring,No,No,1540,385,Orange,Orange,,Nook's Cranny,,1.0.0,kitchen,shop,None,Kitchen Floors,RoomTexFloorKitchen00,5043,GpDHr3gHCZSrK5bfx,1
paintball flooring,No,No,3000,750,White,Colorful,,Saharah,,1.0.0,garage,facility,None,Stone Floors,RoomTexFloorAtelier00,4988,vC2oYRMxbZXYazKYW,0
palace tile,No,No,3000,750,White,White,,Saharah,,1.0.0,expensive,folk art,None,Luxury,RoomTexFloorPalace00,5051,ZBN9trZ7YTDgN5z3Y,0
parking flooring,No,No,3000,750,Black,Gray,,Saharah,,1.0.0,facility,None,None,Sidewalk,RoomTexFloorParking00,4997,Lx2JZuP8F6xS28PPG,0
party flooring,No,No,NFS,370,Colorful,Gray,,Birthday,,1.0.0,party,fancy,None,Decadence,RoomTexFloorParty00,5241,8vy7YrhEnTpt8GjWT,0
pastel puzzle flooring,No,No,1450,362,White,White,,Nook's Cranny,,1.0.0,fancy,child's room,None,Puzzle Mat,RoomTexFloorPuzzleMat00,4956,nGtvPzJvdJb5xmQo8,1
patchwork-tile flooring,No,No,2100,525,White,White,,Nook's Cranny,,1.0.0,expensive,shop,None,Tile Floors,RoomTexFloorPatchworkTile00,4995,hCAe3badxv5faWwGE,1
pine-board flooring,No,No,2500,625,Beige,Beige,,Nook's Cranny,,1.0.0,living room,child's room,None,Wood Floors,RoomTexFloorSimple00,5019,B3GmKqXBaKNeugExA,1
pink-paint flooring,No,No,1040,260,Pink,Pink,,Nook's Cranny,,1.0.0,fancy,child's room,None,Painted Wood,RoomTexFloorPaintWood02,5059,wXCN3tKY2rDen6D6s,1
purple camo flooring,No,No,1320,330,Purple,Purple,,Nook's Cranny,,1.0.0,party,child's room,None,Camouflage,RoomTexFloorCamouflage02,5017,JZ5JuDTqYYu8PQZrJ,1
purple desert-tile flooring,No,No,2100,525,Purple,White,,Nook's Cranny,,1.0.0,bathroom,facility,None,Morocco,RoomTexFloorMorocco02,6927,4e7h4ZuzEKJb5ua3v,1
purple puzzle flooring,No,No,1450,362,Purple,Colorful,,Nook's Cranny,,1.0.0,fancy,None,None,Puzzle Mat,RoomTexFloorPuzzleMat03,7185,xi7QC9EcD34PNSdzt,1
pyramid tile,No,No,3000,750,Beige,Beige,,Saharah,,1.0.0,folk art,None,None,Luxury,RoomTexFloorEgypt00,5054,kcHqZKGAjAwFcQxNg,0
racetrack flooring,No,No,3000,750,Green,Green,,Saharah,,1.0.0,fitness,school,None,Sports Floor,RoomTexFloorAthletics00,4996,QDiAF633q7ohZqqTK,0
ramshackle flooring,No,No,3000,750,Beige,Beige,,Saharah,,1.0.0,horror,None,None,Decadence,RoomTexFloorRuins00,5240,tx4WSnBkFsrJZHe7b,0
random-square-tile flooring,No,No,1360,340,White,White,,Nook's Cranny,,1.0.0,facility,shop,None,Tile Floors,RoomTexFloorSquareTile00,4973,3GqKtZdottDaNdNvP,1
rattan flooring,No,No,1100,275,Beige,Beige,,Nook's Cranny,,1.0.0,facility,shop,rattan,Wood Floors,RoomTexFloorRattan00,4967,C5WxH5ZD5LcXeGL56,1
red dot flooring,No,No,800,200,Red,Red,,Nook's Cranny,,1.0.0,fancy,child's room,None,Dot,RoomTexFloorDot02,5027,RRjt2eaLkEJv9Hk6W,1
red-and-black vinyl flooring,No,No,1150,287,Red,Gray,,Nook's Cranny,,1.0.0,expensive,None,None,Tile Checker,RoomTexFloorTileChecker01,5047,y9Bcpqd5GNvw29DbR,1
red-brick flooring,No,No,1040,260,Red,Brown,,Nook's Cranny,,1.0.0,facility,shop,None,Brick,RoomTexFloorBrick01,4975,tknYxCq8ztLx7Tibi,1
rocky-mountain flooring,No,No,3000,750,Beige,Beige,,Saharah,,1.0.0,garden,None,None,Nature - Brown,RoomTexFloorRock00,5239,BKwXAcy5Q9mW2GJkH,0
rose flooring,No,No,2200,550,Red,Red,,Nook's Cranny,,1.0.0,fancy,expensive,None,Cloth Floors,RoomTexFloorRoseCarpet00,4958,5vGSvnYMFe4A5LRte,1
rosewood flooring,No,No,2420,605,Gray,Gray,,Nook's Cranny,,1.0.0,expensive,living room,None,Wood Floors,RoomTexFloorRoseWood00,5063,jA7bCaTtZq6Z2r4gr,1
rubber-tile flooring,No,No,700,175,Gray,Gray,,Nook's Cranny,,1.0.0,facility,shop,None,Tile Floors,RoomTexFloorRubberTile00,5163,YiBqEKfe7i4EuseqS,1
rush tatami,No,No,2200,550,Beige,Beige,,Nook's Cranny,,1.0.0,zen-style,living room,None,Tatami,RoomTexFloorTatami01,5079,rnwpHPKqefSS5Hhz8,1
rush tatami flooring,No,No,2200,550,Beige,Beige,,Nook's Cranny,,1.0.0,zen-style,living room,None,Tatami Panel,RoomTexFloorTatamiPanel01,5078,CYDJXEYacE5fPeLYJ,1
Saharah's desert,No,No,3000,750,Beige,Beige,,Saharah,,1.0.0,folk art,None,None,Nature - White,RoomTexFloorDesert00,4983,7cH3CsBAarxRhAkZ5,0
sakura-wood flooring,No,Yes,NFS,3200,Pink,Pink,,Crafting,,1.0.0,child's room,fancy,None,Wood Floors,RoomTexFloorSolidWood00,5056,QB6ZXiQbMQ6iWexQm,0
sandlot,No,No,3000,750,Yellow,Beige,,Saharah,,1.0.0,garden,None,None,Nature - Brown,RoomTexFloorEmptyLot00,4985,HZM5De52k9N4E3iei,0
sandy-beach flooring,No,Yes,NFS,4120,Beige,Beige,,Crafting,,1.0.0,ocean,None,None,Nature - White,RoomTexFloorSand00,4970,tDrdWs28RgvnyTMNC,0
sci-fi flooring,Yes,Yes,NFS,7500,Black,Black,,Crafting,,1.0.0,space,facility,None,Special Inorganic Floors,RoomSpFloorSF00,5270,NAEGL6s5arLj9y2ku,0
scramble crosswalk,No,No,3000,750,Gray,Gray,,Saharah,,1.0.0,facility,None,None,Sidewalk,RoomTexFloorScramble00,5010,EHdRo9mbi9QhCtdYN,0
sepia puzzle flooring,No,No,1450,362,Colorful,Colorful,,Nook's Cranny,,1.0.0,fancy,child's room,None,Puzzle Mat,RoomTexFloorPuzzleMat02,7184,ND2rTCs7dZjKiGXjC,1
ship deck,No,No,4000,1000,Beige,Beige,,Nook's Cranny,,1.0.0,ocean,None,None,Sports Floor,RoomTexFloorSeaView00,4950,X9tRZEzQMKRKd5rnz,1
sidewalk flooring,No,No,3000,750,Gray,Brown,,Saharah,,1.0.0,shop,facility,None,Sidewalk,RoomTexFloorSidewalk01,5008,3FteXxettQm7iZF2p,0
simple blue flooring,No,No,1500,375,Blue,Blue,,Nook's Cranny,,1.0.0,den,living room,None,Simple Carpet,RoomTexFloorSimpleCarpet01,5001,JKvF62fyqF6Pg9igx,1
simple purple flooring,No,No,1500,375,Purple,Purple,,Nook's Cranny,,1.0.0,den,expensive,None,Simple Carpet,RoomTexFloorSimpleCarpet03,5003,qn6BKtgHm5tmoDtAG,1
simple red flooring,No,No,1500,375,Red,Red,,Nook's Cranny,,1.0.0,den,expensive,None,Simple Carpet,RoomTexFloorSimpleCarpet00,5000,5WEw368jE8FK9LcPa,1
simple white flooring,No,No,1500,375,White,White,,Nook's Cranny,,1.0.0,living room,shop,None,Simple Carpet,RoomTexFloorSimpleCarpet04,5004,RwMEDYWk9YBgrtXmY,1
ski-slope flooring,No,Yes,NFS,3200,White,White,,Crafting,,1.0.0,freezing cold,None,None,Nature - White,RoomTexFloorGelande00,4989,NpqGszuaZckXifyju,0
skull-print flooring,No,No,3000,750,Black,Black,,Nook's Cranny,,1.0.0,horror,child's room,None,Cloth Floors,RoomTexFloorSkull00,5248,Ghp5z68RNmKQDDCzz,1
slate flooring,No,No,1380,345,Gray,Gray,,Nook's Cranny,,1.0.0,facility,shop,None,Stone Floors,RoomTexFloorSlate00,5233,hchG9hWK9Ci3iXzTN,1
starry-sands flooring,No,Yes,NFS,7720,Beige,White,,Crafting,,1.0.0,ocean,fancy,None,Nature - White,RoomTexFloorSandStar00,7239,54Jcui933sPTvdqXY,0
steel flooring,No,Yes,NFS,5250,Gray,Gray,,Crafting,,1.0.0,garage,facility,None,Iron,RoomTexFloorSteel00,4960,nYi4jRsp3MXrnPPDR,0
stone tile,No,No,3000,750,White,White,,Nook's Cranny,,1.0.0,expensive,facility,None,Stone Floors,RoomTexFloorMarble00,5069,RNMhc9jJApavmhgPC,1
stripe flooring,No,No,1200,300,Colorful,Gray,,Nook's Cranny,,1.0.0,living room,child's room,None,Cloth Floors,RoomTexFloorStripe00,4963,5CY9wQTePbYzQTDF2,1
sumo ring,No,No,3000,750,Beige,Beige,,Saharah,,1.0.0,fitness,zen-style,None,Sports Floor,RoomTexFloorArena00,5013,qKfY2Nnx5ApBzgGEF,0
swamp flooring,No,No,3000,750,Black,Gray,,Saharah,,1.0.0,garden,horror,None,Nature - Brown,RoomTexFloorBog00,5238,vTPvWC9bkZyeP7BxS,0
tatami,No,No,2200,550,Beige,Beige,,Nook's Cranny,,1.0.0,zen-style,living room,None,Tatami,RoomTexFloorTatami00,5039,jdcZQ9LCDoroeYKws,1
tatami flooring,No,No,2200,550,Green,White,,Nook's Cranny,,1.0.0,zen-style,living room,None,Tatami Panel,RoomTexFloorTatamiPanel00,5077,Qo5nLhbZ7iD5JLP4Z,1
terra-cotta flooring,No,No,1800,450,Orange,Orange,,Nook's Cranny,,1.0.0,facility,shop,None,Tile Floors,RoomTexFloorTileTerracotta00,4971,Ec8TrwurFcmQKi4CZ,1
tiger-print flooring,No,No,1300,325,Black,Orange,,Nook's Cranny,,1.0.0,party,fancy,None,Animal Floor,RoomTexFloorAnimal03,6848,uz5PotSZqNAT5kgtT,1
train-station flooring,No,No,3000,750,Beige,Brown,,Saharah,,1.0.0,facility,None,None,Sidewalk,RoomTexFloorPlatform00,5009,khwvshrYhvaL9FPsC,0
underwater flooring,Yes,Yes,NFS,6600,Blue,Light blue,,Crafting,,1.0.0,ocean,None,None,Special Nature Floors,RoomSpFloorFishTank00,5268,bGowh78amRY7uJsYE,0
water flooring,Yes,Yes,NFS,7200,Light blue,Blue,,Crafting,,1.0.0,ocean,None,None,Special Nature Floors,RoomSpFloorWater00,5030,opJSK2mkCqkBRQTW3,0
western desert,No,No,3000,750,Beige,Beige,,Saharah,,1.0.0,folk art,horror,None,Nature - Brown,RoomTexFloorWilderness00,4984,24mkYXzRGCvGibXQ9,0
white honeycomb tile,No,No,1420,355,White,White,,Nook's Cranny,,1.0.0,bathroom,facility,None,Honeycomb,RoomTexFloorHoneycomb03,5042,RKrRAgjoevjYsLwTp,1
white iron-parquet flooring,No,No,2350,587,White,White,,Nook's Cranny,,1.0.0,expensive,living room,None,Iron Parquet,RoomTexFloorParquetIron03,6843,ZFAq3rRLCCRRgAcF7,1
white mosaic-tile flooring,No,No,900,225,White,White,,Nook's Cranny,,1.0.0,bathroom,facility,None,Tile Floors,RoomTexFloorTile00,5020,23nmmfSJ7pvKyeuFZ,1
white wedding flooring,,No,3000,750,None,None,,Wedding Season,,1.2.0,party,expensive,wedding,Tile Floors,RoomTexFloorMarbleTile00,12431,GYZ8kvbfYK7i2NcvT,0
white-brick flooring,No,No,1040,260,White,White,,Nook's Cranny,,1.0.0,facility,shop,None,Brick,RoomTexFloorBrick00,4974,83vQYs26vwE7aa4bZ,1
white-chocolates flooring,No,No,3000,750,White,Beige,,Saharah,,1.0.0,fancy,None,None,Chocolate,RoomTexFloorChocolate01,5052,b2WBXQkcAqfJ48RH3,0
white-paint flooring,No,No,1040,260,White,White,,Nook's Cranny,,1.0.0,living room,child's room,None,Painted Wood,RoomTexFloorPaintWood03,5060,JdnrGbAMW7FBxrw5P,1
wildflower meadow,No,No,3000,750,Green,Green,,Saharah,,1.0.0,garden,fancy,None,Grassland,RoomTexFloorGrassland01,5006,dYb6DAfZQJTGN7svs,0
wooden-knot flooring,No,No,780,195,Brown,Brown,,Nook's Cranny,,1.0.0,living room,child's room,None,Wood Floors,RoomTexFloorCedar00,5049,ttyLLQ39Dc3fK32JE,1
yellow floral flooring,No,No,1520,380,Yellow,Yellow,,Nook's Cranny,,1.0.0,shop,living room,None,Deco Wood,RoomTexFloorDecoWood00,5073,R69sMEPHQGu7fBzuQ,1
zebra-print flooring,No,No,1300,325,Black,White,,Nook's Cranny,,1.0.0,party,fancy,None,Animal Floor,RoomTexFloorAnimal02,4962,9Mdszd5EgwJ6omLPf,1
